label,total_appearances,dominant_class,dominant_pct,included_in_map,mapped_to_class,decision_reason,buildings,forest,glacier,mountain,sea,street,buildings_pct,forest_pct,glacier_pct,mountain_pct,sea_pct,street_pct
hand-held computer,2,buildings,100.0,False,,Eligible for 'buildings' at 100.0% but not included — either not semantically coherent or better represented by other labels already in the map,2,0,0,0,0,0,100.0,0.0,0.0,0.0,0.0,0.0
remote control,1,buildings,100.0,False,,Eligible for 'buildings' at 100.0% but not included — either not semantically coherent or better represented by other labels already in the map,1,0,0,0,0,0,100.0,0.0,0.0,0.0,0.0,0.0
radio,5,buildings,100.0,False,,Eligible for 'buildings' at 100.0% but not included — either not semantically coherent or better represented by other labels already in the map,5,0,0,0,0,0,100.0,0.0,0.0,0.0,0.0,0.0
tape player,1,buildings,100.0,False,,Eligible for 'buildings' at 100.0% but not included — either not semantically coherent or better represented by other labels already in the map,1,0,0,0,0,0,100.0,0.0,0.0,0.0,0.0,0.0
notebook,3,buildings,100.0,False,,Eligible for 'buildings' at 100.0% but not included — either not semantically coherent or better represented by other labels already in the map,3,0,0,0,0,0,100.0,0.0,0.0,0.0,0.0,0.0
dishwasher,1,buildings,100.0,False,,Eligible for 'buildings' at 100.0% but not included — either not semantically coherent or better represented by other labels already in the map,1,0,0,0,0,0,100.0,0.0,0.0,0.0,0.0,0.0
oil filter,2,buildings,100.0,False,,Eligible for 'buildings' at 100.0% but not included — either not semantically coherent or better represented by other labels already in the map,2,0,0,0,0,0,100.0,0.0,0.0,0.0,0.0,0.0
desktop computer,3,buildings,100.0,False,,Eligible for 'buildings' at 100.0% but not included — either not semantically coherent or better represented by other labels already in the map,3,0,0,0,0,0,100.0,0.0,0.0,0.0,0.0,0.0
scale,1,buildings,100.0,False,,Eligible for 'buildings' at 100.0% but not included — either not semantically coherent or better represented by other labels already in the map,1,0,0,0,0,0,100.0,0.0,0.0,0.0,0.0,0.0
carpenter's kit,4,buildings,100.0,False,,Eligible for 'buildings' at 100.0% but not included — either not semantically coherent or better represented by other labels already in the map,4,0,0,0,0,0,100.0,0.0,0.0,0.0,0.0,0.0
digital watch,1,buildings,100.0,False,,Eligible for 'buildings' at 100.0% but not included — either not semantically coherent or better represented by other labels already in the map,1,0,0,0,0,0,100.0,0.0,0.0,0.0,0.0,0.0
medicine chest,4,buildings,100.0,False,,Eligible for 'buildings' at 100.0% but not included — either not semantically coherent or better represented by other labels already in the map,4,0,0,0,0,0,100.0,0.0,0.0,0.0,0.0,0.0
hamper,6,buildings,100.0,False,,Eligible for 'buildings' at 100.0% but not included — either not semantically coherent or better represented by other labels already in the map,6,0,0,0,0,0,100.0,0.0,0.0,0.0,0.0,0.0
can opener,1,buildings,100.0,False,,Eligible for 'buildings' at 100.0% but not included — either not semantically coherent or better represented by other labels already in the map,1,0,0,0,0,0,100.0,0.0,0.0,0.0,0.0,0.0
loudspeaker,2,buildings,100.0,False,,Eligible for 'buildings' at 100.0% but not included — either not semantically coherent or better represented by other labels already in the map,2,0,0,0,0,0,100.0,0.0,0.0,0.0,0.0,0.0
projector,1,buildings,100.0,False,,Eligible for 'buildings' at 100.0% but not included — either not semantically coherent or better represented by other labels already in the map,1,0,0,0,0,0,100.0,0.0,0.0,0.0,0.0,0.0
switch,1,buildings,100.0,False,,Eligible for 'buildings' at 100.0% but not included — either not semantically coherent or better represented by other labels already in the map,1,0,0,0,0,0,100.0,0.0,0.0,0.0,0.0,0.0
ocarina,1,buildings,100.0,False,,Eligible for 'buildings' at 100.0% but not included — either not semantically coherent or better represented by other labels already in the map,1,0,0,0,0,0,100.0,0.0,0.0,0.0,0.0,0.0
perfume,1,buildings,100.0,False,,Eligible for 'buildings' at 100.0% but not included — either not semantically coherent or better represented by other labels already in the map,1,0,0,0,0,0,100.0,0.0,0.0,0.0,0.0,0.0
space bar,1,buildings,100.0,False,,Eligible for 'buildings' at 100.0% but not included — either not semantically coherent or better represented by other labels already in the map,1,0,0,0,0,0,100.0,0.0,0.0,0.0,0.0,0.0
space heater,13,buildings,92.3,False,,Eligible for 'buildings' at 92.3% but not included — either not semantically coherent or better represented by other labels already in the map,12,0,0,0,0,1,92.3076923076923,0.0,0.0,0.0,0.0,7.6923076923076925
electric fan,9,buildings,88.9,False,,Eligible for 'buildings' at 88.9% but not included — either not semantically coherent or better represented by other labels already in the map,8,0,0,0,0,1,88.88888888888889,0.0,0.0,0.0,0.0,11.11111111111111
bookcase,13,buildings,84.6,False,,Eligible for 'buildings' at 84.6% but not included — either not semantically coherent or better represented by other labels already in the map,11,0,0,0,0,2,84.61538461538461,0.0,0.0,0.0,0.0,15.384615384615385
library,212,buildings,81.6,True,buildings,Included in 'buildings' — fires 81.6% of the time in that class (>= 65% threshold),173,0,0,0,2,37,81.60377358490565,0.0,0.0,0.0,0.9433962264150944,17.452830188679243
dome,144,buildings,81.2,True,buildings,Included in 'buildings' — fires 81.2% of the time in that class (>= 65% threshold),117,1,0,0,5,21,81.25,0.6944444444444444,0.0,0.0,3.4722222222222223,14.583333333333334
analog clock,13,buildings,76.9,False,,Eligible for 'buildings' at 76.9% but not included — either not semantically coherent or better represented by other labels already in the map,10,0,0,0,1,2,76.92307692307693,0.0,0.0,0.0,7.6923076923076925,15.384615384615385
tile roof,60,buildings,76.7,False,,Eligible for 'buildings' at 76.7% but not included — either not semantically coherent or better represented by other labels already in the map,46,4,2,2,0,6,76.66666666666667,6.666666666666667,3.3333333333333335,3.3333333333333335,0.0,10.0
wall clock,4,buildings,75.0,False,,Eligible for 'buildings' at 75.0% but not included — either not semantically coherent or better represented by other labels already in the map,3,0,0,0,0,1,75.0,0.0,0.0,0.0,0.0,25.0
crate,28,buildings,75.0,False,,Eligible for 'buildings' at 75.0% but not included — either not semantically coherent or better represented by other labels already in the map,21,0,1,1,0,5,75.0,0.0,3.571428571428571,3.571428571428571,0.0,17.857142857142858
binder,4,buildings,75.0,False,,Eligible for 'buildings' at 75.0% but not included — either not semantically coherent or better represented by other labels already in the map,3,1,0,0,0,0,75.0,25.0,0.0,0.0,0.0,0.0
palace,734,buildings,74.9,True,buildings,Included in 'buildings' — fires 74.9% of the time in that class (>= 65% threshold),550,1,0,5,11,167,74.93188010899182,0.13623978201634876,0.0,0.6811989100817438,1.4986376021798364,22.752043596730246
pedestal,71,buildings,71.8,False,,Eligible for 'buildings' at 71.8% but not included — either not semantically coherent or better represented by other labels already in the map,51,1,1,3,1,14,71.83098591549296,1.4084507042253522,1.4084507042253522,4.225352112676056,1.4084507042253522,19.718309859154928
shopping basket,14,buildings,71.4,False,,Eligible for 'buildings' at 71.4% but not included — either not semantically coherent or better represented by other labels already in the map,10,0,0,1,1,2,71.42857142857143,0.0,0.0,7.142857142857142,7.142857142857142,14.285714285714285
bell cote,630,buildings,71.3,True,buildings,Included in 'buildings' — fires 71.3% of the time in that class (>= 65% threshold),449,6,0,4,5,166,71.26984126984127,0.9523809523809524,0.0,0.6349206349206349,0.7936507936507936,26.34920634920635
church,351,buildings,70.7,True,buildings,Included in 'buildings' — fires 70.7% of the time in that class (>= 65% threshold),248,23,1,16,3,60,70.65527065527066,6.552706552706552,0.2849002849002849,4.5584045584045585,0.8547008547008548,17.094017094017094
cinema,294,buildings,70.4,True,buildings,Included in 'buildings' — fires 70.4% of the time in that class (>= 65% threshold),207,1,0,0,3,83,70.40816326530613,0.3401360544217687,0.0,0.0,1.0204081632653061,28.2312925170068
monastery,573,buildings,68.1,True,buildings,Included in 'buildings' — fires 68.1% of the time in that class (>= 65% threshold),390,10,8,26,5,134,68.06282722513089,1.7452006980802792,1.3961605584642234,4.537521815008725,0.8726003490401396,23.38568935427574
mosque,202,buildings,66.8,True,buildings,Included in 'buildings' — fires 66.8% of the time in that class (>= 65% threshold),135,0,0,1,5,61,66.83168316831683,0.0,0.0,0.49504950495049505,2.4752475247524752,30.198019801980198
entertainment center,6,buildings,66.7,False,,Eligible for 'buildings' at 66.7% but not included — either not semantically coherent or better represented by other labels already in the map,4,0,1,0,1,0,66.66666666666666,0.0,16.666666666666664,0.0,16.666666666666664,0.0
cassette,6,buildings,66.7,False,,Eligible for 'buildings' at 66.7% but not included — either not semantically coherent or better represented by other labels already in the map,4,0,0,0,1,1,66.66666666666666,0.0,0.0,0.0,16.666666666666664,16.666666666666664
abacus,3,buildings,66.7,False,,Eligible for 'buildings' at 66.7% but not included — either not semantically coherent or better represented by other labels already in the map,2,0,0,0,0,1,66.66666666666666,0.0,0.0,0.0,0.0,33.33333333333333
safety pin,3,buildings,66.7,False,,Eligible for 'buildings' at 66.7% but not included — either not semantically coherent or better represented by other labels already in the map,2,1,0,0,0,0,66.66666666666666,33.33333333333333,0.0,0.0,0.0,0.0
radiator,17,buildings,64.7,False,,Rejected — dominant class 'buildings' only at 64.7% (< 65% threshold). Fires too broadly across multiple classes.,11,4,2,0,0,0,64.70588235294117,23.52941176470588,11.76470588235294,0.0,0.0,0.0
planetarium,206,buildings,64.6,True,buildings,Included in 'buildings' — fires 64.6% of the time in that class (>= 65% threshold),133,9,2,5,9,48,64.56310679611651,4.368932038834951,0.9708737864077669,2.4271844660194173,4.368932038834951,23.300970873786408
scoreboard,124,buildings,62.9,False,,Rejected — dominant class 'buildings' only at 62.9% (< 65% threshold). Fires too broadly across multiple classes.,78,1,0,2,0,43,62.903225806451616,0.8064516129032258,0.0,1.6129032258064515,0.0,34.67741935483871
mobile home,333,buildings,61.9,True,buildings,Included in 'buildings' — fires 61.9% of the time in that class (>= 65% threshold),206,32,0,7,11,77,61.86186186186187,9.60960960960961,0.0,2.1021021021021022,3.303303303303303,23.123123123123122
flagpole,233,buildings,60.5,False,,Rejected — dominant class 'buildings' only at 60.5% (< 65% threshold). Fires too broadly across multiple classes.,141,17,4,8,4,59,60.51502145922747,7.296137339055794,1.7167381974248928,3.4334763948497855,1.7167381974248928,25.321888412017167
solar dish,325,buildings,60.0,True,buildings,Included in 'buildings' — fires 60.0% of the time in that class (>= 65% threshold),195,30,16,25,11,48,60.0,9.230769230769232,4.923076923076923,7.6923076923076925,3.3846153846153846,14.76923076923077
picket fence,127,buildings,58.3,False,,Rejected — dominant class 'buildings' only at 58.3% (< 65% threshold). Fires too broadly across multiple classes.,74,35,2,1,4,11,58.26771653543307,27.559055118110237,1.574803149606299,0.7874015748031495,3.149606299212598,8.661417322834646
castle,331,buildings,57.1,True,buildings,Included in 'buildings' — fires 57.1% of the time in that class (>= 65% threshold),189,23,5,37,23,54,57.09969788519638,6.948640483383686,1.5105740181268883,11.178247734138973,6.948640483383686,16.314199395770395
water tower,71,buildings,56.3,False,,Rejected — dominant class 'buildings' only at 56.3% (< 65% threshold). Fires too broadly across multiple classes.,40,13,0,2,0,16,56.33802816901409,18.30985915492958,0.0,2.8169014084507045,0.0,22.535211267605636
window screen,64,buildings,54.7,False,,Rejected — dominant class 'buildings' only at 54.7% (< 65% threshold). Fires too broadly across multiple classes.,35,9,5,2,1,12,54.6875,14.0625,7.8125,3.125,1.5625,18.75
airship,147,buildings,54.4,False,,Rejected — dominant class 'buildings' only at 54.4% (< 65% threshold). Fires too broadly across multiple classes.,80,2,16,5,7,37,54.421768707483,1.3605442176870748,10.884353741496598,3.4013605442176873,4.761904761904762,25.170068027210885
vending machine,13,buildings,53.8,False,,Rejected — dominant class 'buildings' only at 53.8% (< 65% threshold). Fires too broadly across multiple classes.,7,2,0,0,0,4,53.84615384615385,15.384615384615385,0.0,0.0,0.0,30.76923076923077
patio,217,buildings,53.0,False,,Rejected — dominant class 'buildings' only at 53.0% (< 65% threshold). Fires too broadly across multiple classes.,115,30,0,5,9,58,52.995391705069125,13.82488479262673,0.0,2.3041474654377883,4.147465437788019,26.72811059907834
obelisk,229,buildings,52.0,True,buildings,Included in 'buildings' — fires 52.0% of the time in that class (>= 65% threshold),119,14,0,2,3,91,51.96506550218341,6.11353711790393,0.0,0.8733624454148471,1.3100436681222707,39.737991266375545
triumphal arch,195,buildings,51.3,True,buildings,Included in 'buildings' — fires 51.3% of the time in that class (>= 65% threshold),100,0,0,7,0,88,51.28205128205128,0.0,0.0,3.5897435897435894,0.0,45.12820512820513
vestment,6,buildings,50.0,False,,Rejected — dominant class 'buildings' only at 50.0% (< 65% threshold). Fires too broadly across multiple classes.,3,2,0,0,0,1,50.0,33.33333333333333,0.0,0.0,0.0,16.666666666666664
screwdriver,6,buildings,50.0,False,,Rejected — dominant class 'buildings' only at 50.0% (< 65% threshold). Fires too broadly across multiple classes.,3,2,1,0,0,0,50.0,33.33333333333333,16.666666666666664,0.0,0.0,0.0
screw,6,buildings,50.0,False,,Rejected — dominant class 'buildings' only at 50.0% (< 65% threshold). Fires too broadly across multiple classes.,3,2,1,0,0,0,50.0,33.33333333333333,16.666666666666664,0.0,0.0,0.0
crib,2,buildings,50.0,False,,Rejected — dominant class 'buildings' only at 50.0% (< 65% threshold). Fires too broadly across multiple classes.,1,0,1,0,0,0,50.0,0.0,50.0,0.0,0.0,0.0
microphone,6,buildings,50.0,False,,Rejected — dominant class 'buildings' only at 50.0% (< 65% threshold). Fires too broadly across multiple classes.,3,0,2,1,0,0,50.0,0.0,33.33333333333333,16.666666666666664,0.0,0.0
oscilloscope,2,buildings,50.0,False,,Rejected — dominant class 'buildings' only at 50.0% (< 65% threshold). Fires too broadly across multiple classes.,1,0,0,0,0,1,50.0,0.0,0.0,0.0,0.0,50.0
carton,2,buildings,50.0,False,,Rejected — dominant class 'buildings' only at 50.0% (< 65% threshold). Fires too broadly across multiple classes.,1,0,1,0,0,0,50.0,0.0,50.0,0.0,0.0,0.0
water bottle,2,buildings,50.0,False,,Rejected — dominant class 'buildings' only at 50.0% (< 65% threshold). Fires too broadly across multiple classes.,1,0,1,0,0,0,50.0,0.0,50.0,0.0,0.0,0.0
vacuum,2,buildings,50.0,False,,Rejected — dominant class 'buildings' only at 50.0% (< 65% threshold). Fires too broadly across multiple classes.,1,0,0,0,0,1,50.0,0.0,0.0,0.0,0.0,50.0
crane,173,buildings,49.1,False,,Rejected — dominant class 'buildings' only at 49.1% (< 65% threshold). Fires too broadly across multiple classes.,85,4,10,1,24,49,49.13294797687861,2.312138728323699,5.780346820809249,0.5780346820809248,13.872832369942195,28.32369942196532
thatch,137,buildings,47.4,False,,Rejected — dominant class 'buildings' only at 47.4% (< 65% threshold). Fires too broadly across multiple classes.,65,32,3,21,4,12,47.44525547445255,23.357664233576642,2.18978102189781,15.328467153284672,2.9197080291970803,8.75912408759124
four-poster,13,buildings,46.2,False,,Rejected — dominant class 'buildings' only at 46.2% (< 65% threshold). Fires too broadly across multiple classes.,6,1,2,2,0,2,46.15384615384615,7.6923076923076925,15.384615384615385,15.384615384615385,0.0,15.384615384615385
boathouse,479,buildings,45.1,True,buildings,Included in 'buildings' — fires 45.1% of the time in that class (>= 65% threshold),216,71,25,19,108,40,45.093945720250524,14.822546972860126,5.219206680584551,3.966597077244259,22.546972860125262,8.350730688935283
steel arch bridge,210,buildings,42.4,False,,Rejected — dominant class 'buildings' only at 42.4% (< 65% threshold). Fires too broadly across multiple classes.,89,28,4,5,20,64,42.38095238095238,13.333333333333334,1.9047619047619049,2.380952380952381,9.523809523809524,30.476190476190478
barn,165,buildings,41.8,False,,Rejected — dominant class 'buildings' only at 41.8% (< 65% threshold). Fires too broadly across multiple classes.,69,47,0,32,4,13,41.81818181818181,28.484848484848484,0.0,19.393939393939394,2.4242424242424243,7.878787878787878
window shade,70,buildings,41.4,False,,Rejected — dominant class 'buildings' only at 41.4% (< 65% threshold). Fires too broadly across multiple classes.,29,20,5,0,0,16,41.42857142857143,28.57142857142857,7.142857142857142,0.0,0.0,22.857142857142858
gondola,117,buildings,41.0,False,,Rejected — dominant class 'buildings' only at 41.0% (< 65% threshold). Fires too broadly across multiple classes.,48,0,0,2,34,33,41.02564102564102,0.0,0.0,1.7094017094017095,29.059829059829063,28.205128205128204
pier,357,buildings,40.9,True,sea,Included in 'sea' — fires 40.9% of the time in that class (>= 65% threshold),146,6,7,4,92,102,40.896358543417364,1.680672268907563,1.9607843137254901,1.1204481792717087,25.770308123249297,28.57142857142857
monitor,44,buildings,40.9,False,,Rejected — dominant class 'buildings' only at 40.9% (< 65% threshold). Fires too broadly across multiple classes.,18,2,6,3,4,11,40.909090909090914,4.545454545454546,13.636363636363635,6.8181818181818175,9.090909090909092,25.0
lampshade,5,buildings,40.0,False,,Rejected — dominant class 'buildings' only at 40.0% (< 65% threshold). Fires too broadly across multiple classes.,2,2,0,0,0,1,40.0,40.0,0.0,0.0,0.0,20.0
golf ball,8,buildings,37.5,False,,Rejected — dominant class 'buildings' only at 37.5% (< 65% threshold). Fires too broadly across multiple classes.,3,3,1,0,0,1,37.5,37.5,12.5,0.0,0.0,12.5
recreational vehicle,58,buildings,36.2,False,,Rejected — dominant class 'buildings' only at 36.2% (< 65% threshold). Fires too broadly across multiple classes.,21,9,3,7,5,13,36.206896551724135,15.517241379310345,5.172413793103448,12.068965517241379,8.620689655172415,22.413793103448278
radio telescope,71,buildings,35.2,False,,Rejected — dominant class 'buildings' only at 35.2% (< 65% threshold). Fires too broadly across multiple classes.,25,10,7,10,5,14,35.2112676056338,14.084507042253522,9.859154929577464,14.084507042253522,7.042253521126761,19.718309859154928
rain barrel,20,buildings,35.0,False,,Rejected — dominant class 'buildings' only at 35.0% (< 65% threshold). Fires too broadly across multiple classes.,7,4,1,0,1,7,35.0,20.0,5.0,0.0,5.0,35.0
balloon,44,buildings,29.5,False,,Rejected — dominant class 'buildings' only at 29.5% (< 65% threshold). Fires too broadly across multiple classes.,13,2,4,12,5,8,29.545454545454547,4.545454545454546,9.090909090909092,27.27272727272727,11.363636363636363,18.181818181818183
bittern,34,forest,100.0,True,forest,Included in 'forest' — fires 100.0% of the time in that class (>= 65% threshold),0,34,0,0,0,0,0.0,100.0,0.0,0.0,0.0,0.0
corn,12,forest,100.0,False,,Eligible for 'forest' at 100.0% but not included — either not semantically coherent or better represented by other labels already in the map,0,12,0,0,0,0,0.0,100.0,0.0,0.0,0.0,0.0
howler monkey,24,forest,100.0,True,forest,Included in 'forest' — fires 100.0% of the time in that class (>= 65% threshold),0,24,0,0,0,0,0.0,100.0,0.0,0.0,0.0,0.0
table lamp,3,forest,100.0,False,,Eligible for 'forest' at 100.0% but not included — either not semantically coherent or better represented by other labels already in the map,0,3,0,0,0,0,0.0,100.0,0.0,0.0,0.0,0.0
green lizard,4,forest,100.0,False,,Eligible for 'forest' at 100.0% but not included — either not semantically coherent or better represented by other labels already in the map,0,4,0,0,0,0,0.0,100.0,0.0,0.0,0.0,0.0
tree frog,3,forest,100.0,False,,Eligible for 'forest' at 100.0% but not included — either not semantically coherent or better represented by other labels already in the map,0,3,0,0,0,0,0.0,100.0,0.0,0.0,0.0,0.0
dhole,7,forest,100.0,False,,Eligible for 'forest' at 100.0% but not included — either not semantically coherent or better represented by other labels already in the map,0,7,0,0,0,0,0.0,100.0,0.0,0.0,0.0,0.0
sock,1,forest,100.0,False,,Eligible for 'forest' at 100.0% but not included — either not semantically coherent or better represented by other labels already in the map,0,1,0,0,0,0,0.0,100.0,0.0,0.0,0.0,0.0
great grey owl,11,forest,100.0,False,,Eligible for 'forest' at 100.0% but not included — either not semantically coherent or better represented by other labels already in the map,0,11,0,0,0,0,0.0,100.0,0.0,0.0,0.0,0.0
jackfruit,9,forest,100.0,False,,Eligible for 'forest' at 100.0% but not included — either not semantically coherent or better represented by other labels already in the map,0,9,0,0,0,0,0.0,100.0,0.0,0.0,0.0,0.0
squirrel monkey,4,forest,100.0,False,,Eligible for 'forest' at 100.0% but not included — either not semantically coherent or better represented by other labels already in the map,0,4,0,0,0,0,0.0,100.0,0.0,0.0,0.0,0.0
daisy,4,forest,100.0,False,,Eligible for 'forest' at 100.0% but not included — either not semantically coherent or better represented by other labels already in the map,0,4,0,0,0,0,0.0,100.0,0.0,0.0,0.0,0.0
capuchin,19,forest,100.0,False,,Eligible for 'forest' at 100.0% but not included — either not semantically coherent or better represented by other labels already in the map,0,19,0,0,0,0,0.0,100.0,0.0,0.0,0.0,0.0
toucan,6,forest,100.0,False,,Eligible for 'forest' at 100.0% but not included — either not semantically coherent or better represented by other labels already in the map,0,6,0,0,0,0,0.0,100.0,0.0,0.0,0.0,0.0
indri,24,forest,100.0,False,,Eligible for 'forest' at 100.0% but not included — either not semantically coherent or better represented by other labels already in the map,0,24,0,0,0,0,0.0,100.0,0.0,0.0,0.0,0.0
chain mail,1,forest,100.0,False,,Eligible for 'forest' at 100.0% but not included — either not semantically coherent or better represented by other labels already in the map,0,1,0,0,0,0,0.0,100.0,0.0,0.0,0.0,0.0
jay,3,forest,100.0,False,,Eligible for 'forest' at 100.0% but not included — either not semantically coherent or better represented by other labels already in the map,0,3,0,0,0,0,0.0,100.0,0.0,0.0,0.0,0.0
chickadee,3,forest,100.0,False,,Eligible for 'forest' at 100.0% but not included — either not semantically coherent or better represented by other labels already in the map,0,3,0,0,0,0,0.0,100.0,0.0,0.0,0.0,0.0
grasshopper,1,forest,100.0,False,,Eligible for 'forest' at 100.0% but not included — either not semantically coherent or better represented by other labels already in the map,0,1,0,0,0,0,0.0,100.0,0.0,0.0,0.0,0.0
American chameleon,3,forest,100.0,False,,Eligible for 'forest' at 100.0% but not included — either not semantically coherent or better represented by other labels already in the map,0,3,0,0,0,0,0.0,100.0,0.0,0.0,0.0,0.0
pineapple,3,forest,100.0,False,,Eligible for 'forest' at 100.0% but not included — either not semantically coherent or better represented by other labels already in the map,0,3,0,0,0,0,0.0,100.0,0.0,0.0,0.0,0.0
white stork,6,forest,100.0,False,,Eligible for 'forest' at 100.0% but not included — either not semantically coherent or better represented by other labels already in the map,0,6,0,0,0,0,0.0,100.0,0.0,0.0,0.0,0.0
hammer,2,forest,100.0,False,,Eligible for 'forest' at 100.0% but not included — either not semantically coherent or better represented by other labels already in the map,0,2,0,0,0,0,0.0,100.0,0.0,0.0,0.0,0.0
kit fox,3,forest,100.0,False,,Eligible for 'forest' at 100.0% but not included — either not semantically coherent or better represented by other labels already in the map,0,3,0,0,0,0,0.0,100.0,0.0,0.0,0.0,0.0
armadillo,11,forest,100.0,False,,Eligible for 'forest' at 100.0% but not included — either not semantically coherent or better represented by other labels already in the map,0,11,0,0,0,0,0.0,100.0,0.0,0.0,0.0,0.0
green snake,2,forest,100.0,False,,Eligible for 'forest' at 100.0% but not included — either not semantically coherent or better represented by other labels already in the map,0,2,0,0,0,0,0.0,100.0,0.0,0.0,0.0,0.0
vine snake,3,forest,100.0,False,,Eligible for 'forest' at 100.0% but not included — either not semantically coherent or better represented by other labels already in the map,0,3,0,0,0,0,0.0,100.0,0.0,0.0,0.0,0.0
impala,21,forest,100.0,False,,Eligible for 'forest' at 100.0% but not included — either not semantically coherent or better represented by other labels already in the map,0,21,0,0,0,0,0.0,100.0,0.0,0.0,0.0,0.0
broccoli,9,forest,100.0,False,,Eligible for 'forest' at 100.0% but not included — either not semantically coherent or better represented by other labels already in the map,0,9,0,0,0,0,0.0,100.0,0.0,0.0,0.0,0.0
bell pepper,3,forest,100.0,False,,Eligible for 'forest' at 100.0% but not included — either not semantically coherent or better represented by other labels already in the map,0,3,0,0,0,0,0.0,100.0,0.0,0.0,0.0,0.0
koala,8,forest,100.0,False,,Eligible for 'forest' at 100.0% but not included — either not semantically coherent or better represented by other labels already in the map,0,8,0,0,0,0,0.0,100.0,0.0,0.0,0.0,0.0
leopard,3,forest,100.0,False,,Eligible for 'forest' at 100.0% but not included — either not semantically coherent or better represented by other labels already in the map,0,3,0,0,0,0,0.0,100.0,0.0,0.0,0.0,0.0
groenendael,2,forest,100.0,False,,Eligible for 'forest' at 100.0% but not included — either not semantically coherent or better represented by other labels already in the map,0,2,0,0,0,0,0.0,100.0,0.0,0.0,0.0,0.0
flatworm,1,forest,100.0,False,,Eligible for 'forest' at 100.0% but not included — either not semantically coherent or better represented by other labels already in the map,0,1,0,0,0,0,0.0,100.0,0.0,0.0,0.0,0.0
three-toed sloth,14,forest,100.0,False,,Eligible for 'forest' at 100.0% but not included — either not semantically coherent or better represented by other labels already in the map,0,14,0,0,0,0,0.0,100.0,0.0,0.0,0.0,0.0
proboscis monkey,5,forest,100.0,False,,Eligible for 'forest' at 100.0% but not included — either not semantically coherent or better represented by other labels already in the map,0,5,0,0,0,0,0.0,100.0,0.0,0.0,0.0,0.0
eft,4,forest,100.0,False,,Eligible for 'forest' at 100.0% but not included — either not semantically coherent or better represented by other labels already in the map,0,4,0,0,0,0,0.0,100.0,0.0,0.0,0.0,0.0
bolete,4,forest,100.0,False,,Eligible for 'forest' at 100.0% but not included — either not semantically coherent or better represented by other labels already in the map,0,4,0,0,0,0,0.0,100.0,0.0,0.0,0.0,0.0
African chameleon,4,forest,100.0,False,,Eligible for 'forest' at 100.0% but not included — either not semantically coherent or better represented by other labels already in the map,0,4,0,0,0,0,0.0,100.0,0.0,0.0,0.0,0.0
mantis,3,forest,100.0,False,,Eligible for 'forest' at 100.0% but not included — either not semantically coherent or better represented by other labels already in the map,0,3,0,0,0,0,0.0,100.0,0.0,0.0,0.0,0.0
red wolf,6,forest,100.0,False,,Eligible for 'forest' at 100.0% but not included — either not semantically coherent or better represented by other labels already in the map,0,6,0,0,0,0,0.0,100.0,0.0,0.0,0.0,0.0
red fox,3,forest,100.0,False,,Eligible for 'forest' at 100.0% but not included — either not semantically coherent or better represented by other labels already in the map,0,3,0,0,0,0,0.0,100.0,0.0,0.0,0.0,0.0
lesser panda,2,forest,100.0,False,,Eligible for 'forest' at 100.0% but not included — either not semantically coherent or better represented by other labels already in the map,0,2,0,0,0,0,0.0,100.0,0.0,0.0,0.0,0.0
pomegranate,1,forest,100.0,False,,Eligible for 'forest' at 100.0% but not included — either not semantically coherent or better represented by other labels already in the map,0,1,0,0,0,0,0.0,100.0,0.0,0.0,0.0,0.0
Madagascar cat,4,forest,100.0,False,,Eligible for 'forest' at 100.0% but not included — either not semantically coherent or better represented by other labels already in the map,0,4,0,0,0,0,0.0,100.0,0.0,0.0,0.0,0.0
gibbon,1,forest,100.0,False,,Eligible for 'forest' at 100.0% but not included — either not semantically coherent or better represented by other labels already in the map,0,1,0,0,0,0,0.0,100.0,0.0,0.0,0.0,0.0
sulphur butterfly,5,forest,100.0,False,,Eligible for 'forest' at 100.0% but not included — either not semantically coherent or better represented by other labels already in the map,0,5,0,0,0,0,0.0,100.0,0.0,0.0,0.0,0.0
Irish setter,1,forest,100.0,False,,Eligible for 'forest' at 100.0% but not included — either not semantically coherent or better represented by other labels already in the map,0,1,0,0,0,0,0.0,100.0,0.0,0.0,0.0,0.0
bee eater,4,forest,100.0,False,,Eligible for 'forest' at 100.0% but not included — either not semantically coherent or better represented by other labels already in the map,0,4,0,0,0,0,0.0,100.0,0.0,0.0,0.0,0.0
leafhopper,4,forest,100.0,False,,Eligible for 'forest' at 100.0% but not included — either not semantically coherent or better represented by other labels already in the map,0,4,0,0,0,0,0.0,100.0,0.0,0.0,0.0,0.0
hummingbird,1,forest,100.0,False,,Eligible for 'forest' at 100.0% but not included — either not semantically coherent or better represented by other labels already in the map,0,1,0,0,0,0,0.0,100.0,0.0,0.0,0.0,0.0
Granny Smith,1,forest,100.0,False,,Eligible for 'forest' at 100.0% but not included — either not semantically coherent or better represented by other labels already in the map,0,1,0,0,0,0,0.0,100.0,0.0,0.0,0.0,0.0
lipstick,1,forest,100.0,False,,Eligible for 'forest' at 100.0% but not included — either not semantically coherent or better represented by other labels already in the map,0,1,0,0,0,0,0.0,100.0,0.0,0.0,0.0,0.0
long-horned beetle,2,forest,100.0,False,,Eligible for 'forest' at 100.0% but not included — either not semantically coherent or better represented by other labels already in the map,0,2,0,0,0,0,0.0,100.0,0.0,0.0,0.0,0.0
damselfly,3,forest,100.0,False,,Eligible for 'forest' at 100.0% but not included — either not semantically coherent or better represented by other labels already in the map,0,3,0,0,0,0,0.0,100.0,0.0,0.0,0.0,0.0
boa constrictor,1,forest,100.0,False,,Eligible for 'forest' at 100.0% but not included — either not semantically coherent or better represented by other labels already in the map,0,1,0,0,0,0,0.0,100.0,0.0,0.0,0.0,0.0
Siamese cat,1,forest,100.0,False,,Eligible for 'forest' at 100.0% but not included — either not semantically coherent or better represented by other labels already in the map,0,1,0,0,0,0,0.0,100.0,0.0,0.0,0.0,0.0
banana,1,forest,100.0,False,,Eligible for 'forest' at 100.0% but not included — either not semantically coherent or better represented by other labels already in the map,0,1,0,0,0,0,0.0,100.0,0.0,0.0,0.0,0.0
cabbage butterfly,3,forest,100.0,False,,Eligible for 'forest' at 100.0% but not included — either not semantically coherent or better represented by other labels already in the map,0,3,0,0,0,0,0.0,100.0,0.0,0.0,0.0,0.0
malinois,2,forest,100.0,False,,Eligible for 'forest' at 100.0% but not included — either not semantically coherent or better represented by other labels already in the map,0,2,0,0,0,0,0.0,100.0,0.0,0.0,0.0,0.0
sea slug,1,forest,100.0,False,,Eligible for 'forest' at 100.0% but not included — either not semantically coherent or better represented by other labels already in the map,0,1,0,0,0,0,0.0,100.0,0.0,0.0,0.0,0.0
common newt,5,forest,100.0,False,,Eligible for 'forest' at 100.0% but not included — either not semantically coherent or better represented by other labels already in the map,0,5,0,0,0,0,0.0,100.0,0.0,0.0,0.0,0.0
dung beetle,2,forest,100.0,False,,Eligible for 'forest' at 100.0% but not included — either not semantically coherent or better represented by other labels already in the map,0,2,0,0,0,0,0.0,100.0,0.0,0.0,0.0,0.0
tailed frog,3,forest,100.0,False,,Eligible for 'forest' at 100.0% but not included — either not semantically coherent or better represented by other labels already in the map,0,3,0,0,0,0,0.0,100.0,0.0,0.0,0.0,0.0
fig,2,forest,100.0,False,,Eligible for 'forest' at 100.0% but not included — either not semantically coherent or better represented by other labels already in the map,0,2,0,0,0,0,0.0,100.0,0.0,0.0,0.0,0.0
strawberry,3,forest,100.0,False,,Eligible for 'forest' at 100.0% but not included — either not semantically coherent or better represented by other labels already in the map,0,3,0,0,0,0,0.0,100.0,0.0,0.0,0.0,0.0
ringlet,1,forest,100.0,False,,Eligible for 'forest' at 100.0% but not included — either not semantically coherent or better represented by other labels already in the map,0,1,0,0,0,0,0.0,100.0,0.0,0.0,0.0,0.0
admiral,1,forest,100.0,False,,Eligible for 'forest' at 100.0% but not included — either not semantically coherent or better represented by other labels already in the map,0,1,0,0,0,0,0.0,100.0,0.0,0.0,0.0,0.0
bee,2,forest,100.0,False,,Eligible for 'forest' at 100.0% but not included — either not semantically coherent or better represented by other labels already in the map,0,2,0,0,0,0,0.0,100.0,0.0,0.0,0.0,0.0
house finch,1,forest,100.0,False,,Eligible for 'forest' at 100.0% but not included — either not semantically coherent or better represented by other labels already in the map,0,1,0,0,0,0,0.0,100.0,0.0,0.0,0.0,0.0
jaguar,1,forest,100.0,False,,Eligible for 'forest' at 100.0% but not included — either not semantically coherent or better represented by other labels already in the map,0,1,0,0,0,0,0.0,100.0,0.0,0.0,0.0,0.0
Irish water spaniel,1,forest,100.0,False,,Eligible for 'forest' at 100.0% but not included — either not semantically coherent or better represented by other labels already in the map,0,1,0,0,0,0,0.0,100.0,0.0,0.0,0.0,0.0
centipede,3,forest,100.0,False,,Eligible for 'forest' at 100.0% but not included — either not semantically coherent or better represented by other labels already in the map,0,3,0,0,0,0,0.0,100.0,0.0,0.0,0.0,0.0
hourglass,1,forest,100.0,False,,Eligible for 'forest' at 100.0% but not included — either not semantically coherent or better represented by other labels already in the map,0,1,0,0,0,0,0.0,100.0,0.0,0.0,0.0,0.0
cricket,2,forest,100.0,False,,Eligible for 'forest' at 100.0% but not included — either not semantically coherent or better represented by other labels already in the map,0,2,0,0,0,0,0.0,100.0,0.0,0.0,0.0,0.0
French horn,1,forest,100.0,False,,Eligible for 'forest' at 100.0% but not included — either not semantically coherent or better represented by other labels already in the map,0,1,0,0,0,0,0.0,100.0,0.0,0.0,0.0,0.0
fountain pen,1,forest,100.0,False,,Eligible for 'forest' at 100.0% but not included — either not semantically coherent or better represented by other labels already in the map,0,1,0,0,0,0,0.0,100.0,0.0,0.0,0.0,0.0
wolf spider,1,forest,100.0,False,,Eligible for 'forest' at 100.0% but not included — either not semantically coherent or better represented by other labels already in the map,0,1,0,0,0,0,0.0,100.0,0.0,0.0,0.0,0.0
garter snake,1,forest,100.0,False,,Eligible for 'forest' at 100.0% but not included — either not semantically coherent or better represented by other labels already in the map,0,1,0,0,0,0,0.0,100.0,0.0,0.0,0.0,0.0
orange,1,forest,100.0,False,,Eligible for 'forest' at 100.0% but not included — either not semantically coherent or better represented by other labels already in the map,0,1,0,0,0,0,0.0,100.0,0.0,0.0,0.0,0.0
black-and-tan coonhound,1,forest,100.0,False,,Eligible for 'forest' at 100.0% but not included — either not semantically coherent or better represented by other labels already in the map,0,1,0,0,0,0,0.0,100.0,0.0,0.0,0.0,0.0
holster,1,forest,100.0,False,,Eligible for 'forest' at 100.0% but not included — either not semantically coherent or better represented by other labels already in the map,0,1,0,0,0,0,0.0,100.0,0.0,0.0,0.0,0.0
mud turtle,1,forest,100.0,False,,Eligible for 'forest' at 100.0% but not included — either not semantically coherent or better represented by other labels already in the map,0,1,0,0,0,0,0.0,100.0,0.0,0.0,0.0,0.0
monarch,1,forest,100.0,False,,Eligible for 'forest' at 100.0% but not included — either not semantically coherent or better represented by other labels already in the map,0,1,0,0,0,0,0.0,100.0,0.0,0.0,0.0,0.0
marmoset,1,forest,100.0,False,,Eligible for 'forest' at 100.0% but not included — either not semantically coherent or better represented by other labels already in the map,0,1,0,0,0,0,0.0,100.0,0.0,0.0,0.0,0.0
acorn,1,forest,100.0,False,,Eligible for 'forest' at 100.0% but not included — either not semantically coherent or better represented by other labels already in the map,0,1,0,0,0,0,0.0,100.0,0.0,0.0,0.0,0.0
walking stick,17,forest,94.1,False,,Eligible for 'forest' at 94.1% but not included — either not semantically coherent or better represented by other labels already in the map,0,16,1,0,0,0,0.0,94.11764705882352,5.88235294117647,0.0,0.0,0.0
warthog,15,forest,93.3,False,,Eligible for 'forest' at 93.3% but not included — either not semantically coherent or better represented by other labels already in the map,0,14,0,1,0,0,0.0,93.33333333333333,0.0,6.666666666666667,0.0,0.0
wild boar,15,forest,93.3,False,,Eligible for 'forest' at 93.3% but not included — either not semantically coherent or better represented by other labels already in the map,0,14,0,1,0,0,0.0,93.33333333333333,0.0,6.666666666666667,0.0,0.0
cardoon,14,forest,92.9,False,,Eligible for 'forest' at 92.9% but not included — either not semantically coherent or better represented by other labels already in the map,0,13,0,0,1,0,0.0,92.85714285714286,0.0,0.0,7.142857142857142,0.0
peacock,14,forest,92.9,False,,Eligible for 'forest' at 92.9% but not included — either not semantically coherent or better represented by other labels already in the map,0,13,0,0,1,0,0.0,92.85714285714286,0.0,0.0,7.142857142857142,0.0
gazelle,14,forest,92.9,False,,Eligible for 'forest' at 92.9% but not included — either not semantically coherent or better represented by other labels already in the map,0,13,0,0,1,0,0.0,92.85714285714286,0.0,0.0,7.142857142857142,0.0
tusker,41,forest,92.7,True,forest,Included in 'forest' — fires 92.7% of the time in that class (>= 65% threshold),0,38,0,2,0,1,0.0,92.6829268292683,0.0,4.878048780487805,0.0,2.4390243902439024
ear,27,forest,92.6,False,,Eligible for 'forest' at 92.6% but not included — either not semantically coherent or better represented by other labels already in the map,1,25,0,0,1,0,3.7037037037037033,92.5925925925926,0.0,0.0,3.7037037037037033,0.0
European gallinule,13,forest,92.3,False,,Eligible for 'forest' at 92.3% but not included — either not semantically coherent or better represented by other labels already in the map,0,12,1,0,0,0,0.0,92.3076923076923,7.6923076923076925,0.0,0.0,0.0
orangutan,12,forest,91.7,False,,Eligible for 'forest' at 91.7% but not included — either not semantically coherent or better represented by other labels already in the map,0,11,0,1,0,0,0.0,91.66666666666666,0.0,8.333333333333332,0.0,0.0
siamang,12,forest,91.7,False,,Eligible for 'forest' at 91.7% but not included — either not semantically coherent or better represented by other labels already in the map,0,11,0,0,0,1,0.0,91.66666666666666,0.0,0.0,0.0,8.333333333333332
buckeye,12,forest,91.7,False,,Eligible for 'forest' at 91.7% but not included — either not semantically coherent or better represented by other labels already in the map,0,11,1,0,0,0,0.0,91.66666666666666,8.333333333333332,0.0,0.0,0.0
macaw,12,forest,91.7,False,,Eligible for 'forest' at 91.7% but not included — either not semantically coherent or better represented by other labels already in the map,0,11,0,0,0,1,0.0,91.66666666666666,0.0,0.0,0.0,8.333333333333332
wallaby,12,forest,91.7,False,,Eligible for 'forest' at 91.7% but not included — either not semantically coherent or better represented by other labels already in the map,0,11,0,1,0,0,0.0,91.66666666666666,0.0,8.333333333333332,0.0,0.0
yellow lady's slipper,12,forest,91.7,False,,Eligible for 'forest' at 91.7% but not included — either not semantically coherent or better represented by other labels already in the map,0,11,0,0,1,0,0.0,91.66666666666666,0.0,0.0,8.333333333333332,0.0
spider monkey,23,forest,91.3,False,,Eligible for 'forest' at 91.3% but not included — either not semantically coherent or better represented by other labels already in the map,0,21,0,0,0,2,0.0,91.30434782608695,0.0,0.0,0.0,8.695652173913043
limpkin,10,forest,90.0,False,,Eligible for 'forest' at 90.0% but not included — either not semantically coherent or better represented by other labels already in the map,0,9,1,0,0,0,0.0,90.0,10.0,0.0,0.0,0.0
lorikeet,10,forest,90.0,False,,Eligible for 'forest' at 90.0% but not included — either not semantically coherent or better represented by other labels already in the map,0,9,0,1,0,0,0.0,90.0,0.0,10.0,0.0,0.0
croquet ball,9,forest,88.9,False,,Eligible for 'forest' at 88.9% but not included — either not semantically coherent or better represented by other labels already in the map,0,8,0,0,0,1,0.0,88.88888888888889,0.0,0.0,0.0,11.11111111111111
cucumber,9,forest,88.9,False,,Eligible for 'forest' at 88.9% but not included — either not semantically coherent or better represented by other labels already in the map,0,8,0,1,0,0,0.0,88.88888888888889,0.0,11.11111111111111,0.0,0.0
bulbul,9,forest,88.9,False,,Eligible for 'forest' at 88.9% but not included — either not semantically coherent or better represented by other labels already in the map,0,8,1,0,0,0,0.0,88.88888888888889,11.11111111111111,0.0,0.0,0.0
American black bear,42,forest,88.1,False,,Eligible for 'forest' at 88.1% but not included — either not semantically coherent or better represented by other labels already in the map,0,37,2,3,0,0,0.0,88.09523809523809,4.761904761904762,7.142857142857142,0.0,0.0
little blue heron,16,forest,87.5,False,,Eligible for 'forest' at 87.5% but not included — either not semantically coherent or better represented by other labels already in the map,0,14,0,0,2,0,0.0,87.5,0.0,0.0,12.5,0.0
sea urchin,14,forest,85.7,False,,Eligible for 'forest' at 85.7% but not included — either not semantically coherent or better represented by other labels already in the map,0,12,0,2,0,0,0.0,85.71428571428571,0.0,14.285714285714285,0.0,0.0
custard apple,7,forest,85.7,False,,Eligible for 'forest' at 85.7% but not included — either not semantically coherent or better represented by other labels already in the map,0,6,0,1,0,0,0.0,85.71428571428571,0.0,14.285714285714285,0.0,0.0
coral fungus,14,forest,85.7,False,,Eligible for 'forest' at 85.7% but not included — either not semantically coherent or better represented by other labels already in the map,0,12,2,0,0,0,0.0,85.71428571428571,14.285714285714285,0.0,0.0,0.0
hartebeest,20,forest,85.0,True,forest,Included in 'forest' — fires 85.0% of the time in that class (>= 65% threshold),0,17,0,2,1,0,0.0,85.0,0.0,10.0,5.0,0.0
colobus,13,forest,84.6,False,,Eligible for 'forest' at 84.6% but not included — either not semantically coherent or better represented by other labels already in the map,0,11,0,2,0,0,0.0,84.61538461538461,0.0,15.384615384615385,0.0,0.0
green mamba,6,forest,83.3,False,,Eligible for 'forest' at 83.3% but not included — either not semantically coherent or better represented by other labels already in the map,0,5,0,0,1,0,0.0,83.33333333333334,0.0,0.0,16.666666666666664,0.0
zucchini,6,forest,83.3,False,,Eligible for 'forest' at 83.3% but not included — either not semantically coherent or better represented by other labels already in the map,0,5,0,1,0,0,0.0,83.33333333333334,0.0,16.666666666666664,0.0,0.0
wood rabbit,12,forest,83.3,False,,Eligible for 'forest' at 83.3% but not included — either not semantically coherent or better represented by other labels already in the map,0,10,1,0,1,0,0.0,83.33333333333334,8.333333333333332,0.0,8.333333333333332,0.0
hatchet,6,forest,83.3,False,,Eligible for 'forest' at 83.3% but not included — either not semantically coherent or better represented by other labels already in the map,0,5,0,0,1,0,0.0,83.33333333333334,0.0,0.0,16.666666666666664,0.0
porcupine,17,forest,82.4,False,,Eligible for 'forest' at 82.4% but not included — either not semantically coherent or better represented by other labels already in the map,0,14,1,2,0,0,0.0,82.35294117647058,5.88235294117647,11.76470588235294,0.0,0.0
sloth bear,11,forest,81.8,False,,Eligible for 'forest' at 81.8% but not included — either not semantically coherent or better represented by other labels already in the map,0,9,0,2,0,0,0.0,81.81818181818183,0.0,18.181818181818183,0.0,0.0
Indian elephant,16,forest,81.2,False,,Eligible for 'forest' at 81.2% but not included — either not semantically coherent or better represented by other labels already in the map,0,13,0,1,0,2,0.0,81.25,0.0,6.25,0.0,12.5
spider web,21,forest,81.0,False,,Eligible for 'forest' at 81.0% but not included — either not semantically coherent or better represented by other labels already in the map,0,17,0,1,1,2,0.0,80.95238095238095,0.0,4.761904761904762,4.761904761904762,9.523809523809524
chime,46,forest,80.4,False,,Eligible for 'forest' at 80.4% but not included — either not semantically coherent or better represented by other labels already in the map,5,37,1,0,0,3,10.869565217391305,80.43478260869566,2.1739130434782608,0.0,0.0,6.521739130434782
wine bottle,5,forest,80.0,False,,Eligible for 'forest' at 80.0% but not included — either not semantically coherent or better represented by other labels already in the map,1,4,0,0,0,0,20.0,80.0,0.0,0.0,0.0,0.0
cuirass,5,forest,80.0,False,,Eligible for 'forest' at 80.0% but not included — either not semantically coherent or better represented by other labels already in the map,1,4,0,0,0,0,20.0,80.0,0.0,0.0,0.0,0.0
indigo bunting,5,forest,80.0,False,,Eligible for 'forest' at 80.0% but not included — either not semantically coherent or better represented by other labels already in the map,1,4,0,0,0,0,20.0,80.0,0.0,0.0,0.0,0.0
sea anemone,5,forest,80.0,False,,Eligible for 'forest' at 80.0% but not included — either not semantically coherent or better represented by other labels already in the map,0,4,0,1,0,0,0.0,80.0,0.0,20.0,0.0,0.0
pinwheel,5,forest,80.0,False,,Eligible for 'forest' at 80.0% but not included — either not semantically coherent or better represented by other labels already in the map,0,4,1,0,0,0,0.0,80.0,20.0,0.0,0.0,0.0
grey fox,5,forest,80.0,False,,Eligible for 'forest' at 80.0% but not included — either not semantically coherent or better represented by other labels already in the map,0,4,0,1,0,0,0.0,80.0,0.0,20.0,0.0,0.0
stinkhorn,5,forest,80.0,False,,Eligible for 'forest' at 80.0% but not included — either not semantically coherent or better represented by other labels already in the map,0,4,1,0,0,0,0.0,80.0,20.0,0.0,0.0,0.0
Komodo dragon,5,forest,80.0,False,,Eligible for 'forest' at 80.0% but not included — either not semantically coherent or better represented by other labels already in the map,0,4,0,1,0,0,0.0,80.0,0.0,20.0,0.0,0.0
water buffalo,24,forest,79.2,False,,Eligible for 'forest' at 79.2% but not included — either not semantically coherent or better represented by other labels already in the map,0,19,0,1,4,0,0.0,79.16666666666666,0.0,4.166666666666666,16.666666666666664,0.0
oxcart,47,forest,78.7,False,,Eligible for 'forest' at 78.7% but not included — either not semantically coherent or better represented by other labels already in the map,0,37,0,0,2,8,0.0,78.72340425531915,0.0,0.0,4.25531914893617,17.02127659574468
echidna,14,forest,78.6,False,,Eligible for 'forest' at 78.6% but not included — either not semantically coherent or better represented by other labels already in the map,0,11,0,3,0,0,0.0,78.57142857142857,0.0,21.428571428571427,0.0,0.0
rapeseed,23,forest,78.3,False,,Eligible for 'forest' at 78.3% but not included — either not semantically coherent or better represented by other labels already in the map,0,18,0,1,1,3,0.0,78.26086956521739,0.0,4.3478260869565215,4.3478260869565215,13.043478260869565
coucal,9,forest,77.8,False,,Eligible for 'forest' at 77.8% but not included — either not semantically coherent or better represented by other labels already in the map,0,7,0,2,0,0,0.0,77.77777777777779,0.0,22.22222222222222,0.0,0.0
bison,45,forest,75.6,True,forest,Included in 'forest' — fires 75.6% of the time in that class (>= 65% threshold),0,34,5,5,1,0,0.0,75.55555555555556,11.11111111111111,11.11111111111111,2.2222222222222223,0.0
jersey,8,forest,75.0,False,,Eligible for 'forest' at 75.0% but not included — either not semantically coherent or better represented by other labels already in the map,0,6,1,1,0,0,0.0,75.0,12.5,12.5,0.0,0.0
crane bird,12,forest,75.0,False,,Eligible for 'forest' at 75.0% but not included — either not semantically coherent or better represented by other labels already in the map,0,9,3,0,0,0,0.0,75.0,25.0,0.0,0.0,0.0
flamingo,4,forest,75.0,False,,Eligible for 'forest' at 75.0% but not included — either not semantically coherent or better represented by other labels already in the map,0,3,0,1,0,0,0.0,75.0,0.0,25.0,0.0,0.0
coyote,8,forest,75.0,False,,Eligible for 'forest' at 75.0% but not included — either not semantically coherent or better represented by other labels already in the map,0,6,2,0,0,0,0.0,75.0,25.0,0.0,0.0,0.0
giant panda,4,forest,75.0,False,,Eligible for 'forest' at 75.0% but not included — either not semantically coherent or better represented by other labels already in the map,0,3,1,0,0,0,0.0,75.0,25.0,0.0,0.0,0.0
mongoose,4,forest,75.0,False,,Eligible for 'forest' at 75.0% but not included — either not semantically coherent or better represented by other labels already in the map,0,3,1,0,0,0,0.0,75.0,25.0,0.0,0.0,0.0
langur,8,forest,75.0,False,,Eligible for 'forest' at 75.0% but not included — either not semantically coherent or better represented by other labels already in the map,0,6,1,0,0,1,0.0,75.0,12.5,0.0,0.0,12.5
titi,4,forest,75.0,False,,Eligible for 'forest' at 75.0% but not included — either not semantically coherent or better represented by other labels already in the map,0,3,0,1,0,0,0.0,75.0,0.0,25.0,0.0,0.0
toy terrier,4,forest,75.0,False,,Eligible for 'forest' at 75.0% but not included — either not semantically coherent or better represented by other labels already in the map,0,3,1,0,0,0,0.0,75.0,25.0,0.0,0.0,0.0
English foxhound,4,forest,75.0,False,,Eligible for 'forest' at 75.0% but not included — either not semantically coherent or better represented by other labels already in the map,0,3,0,0,1,0,0.0,75.0,0.0,0.0,25.0,0.0
European fire salamander,4,forest,75.0,False,,Eligible for 'forest' at 75.0% but not included — either not semantically coherent or better represented by other labels already in the map,0,3,1,0,0,0,0.0,75.0,25.0,0.0,0.0,0.0
wombat,4,forest,75.0,False,,Eligible for 'forest' at 75.0% but not included — either not semantically coherent or better represented by other labels already in the map,0,3,0,1,0,0,0.0,75.0,0.0,25.0,0.0,0.0
American egret,15,forest,73.3,False,,Eligible for 'forest' at 73.3% but not included — either not semantically coherent or better represented by other labels already in the map,0,11,3,0,1,0,0.0,73.33333333333333,20.0,0.0,6.666666666666667,0.0
lawn mower,15,forest,73.3,False,,Eligible for 'forest' at 73.3% but not included — either not semantically coherent or better represented by other labels already in the map,0,11,1,0,0,3,0.0,73.33333333333333,6.666666666666667,0.0,0.0,20.0
tench,7,forest,71.4,False,,Eligible for 'forest' at 71.4% but not included — either not semantically coherent or better represented by other labels already in the map,0,5,1,0,0,1,0.0,71.42857142857143,14.285714285714285,0.0,0.0,14.285714285714285
park bench,196,forest,70.9,True,forest,Included in 'forest' — fires 70.9% of the time in that class (>= 65% threshold),13,139,8,9,4,23,6.63265306122449,70.91836734693877,4.081632653061225,4.591836734693878,2.0408163265306123,11.73469387755102
birdhouse,27,forest,70.4,True,forest,Included in 'forest' — fires 70.4% of the time in that class (>= 65% threshold),7,19,0,0,0,1,25.925925925925924,70.37037037037037,0.0,0.0,0.0,3.7037037037037033
pot,47,forest,70.2,False,,Eligible for 'forest' at 70.2% but not included — either not semantically coherent or better represented by other labels already in the map,3,33,0,1,3,7,6.382978723404255,70.2127659574468,0.0,2.127659574468085,6.382978723404255,14.893617021276595
bald eagle,10,forest,70.0,False,,Eligible for 'forest' at 70.0% but not included — either not semantically coherent or better represented by other labels already in the map,0,7,3,0,0,0,0.0,70.0,30.0,0.0,0.0,0.0
head cabbage,26,forest,69.2,False,,Eligible for 'forest' at 69.2% but not included — either not semantically coherent or better represented by other labels already in the map,0,18,4,4,0,0,0.0,69.23076923076923,15.384615384615385,15.384615384615385,0.0,0.0
overskirt,16,forest,68.8,False,,Eligible for 'forest' at 68.8% but not included — either not semantically coherent or better represented by other labels already in the map,0,11,2,0,3,0,0.0,68.75,12.5,0.0,18.75,0.0
shower curtain,37,forest,67.6,False,,Eligible for 'forest' at 67.6% but not included — either not semantically coherent or better represented by other labels already in the map,3,25,8,1,0,0,8.108108108108109,67.56756756756756,21.62162162162162,2.7027027027027026,0.0,0.0
beer bottle,6,forest,66.7,False,,Eligible for 'forest' at 66.7% but not included — either not semantically coherent or better represented by other labels already in the map,1,4,0,0,0,1,16.666666666666664,66.66666666666666,0.0,0.0,0.0,16.666666666666664
totem pole,24,forest,66.7,False,,Eligible for 'forest' at 66.7% but not included — either not semantically coherent or better represented by other labels already in the map,4,16,0,1,0,3,16.666666666666664,66.66666666666666,0.0,4.166666666666666,0.0,12.5
flute,9,forest,66.7,False,,Eligible for 'forest' at 66.7% but not included — either not semantically coherent or better represented by other labels already in the map,0,6,1,0,0,2,0.0,66.66666666666666,11.11111111111111,0.0,0.0,22.22222222222222
hornbill,3,forest,66.7,False,,Eligible for 'forest' at 66.7% but not included — either not semantically coherent or better represented by other labels already in the map,0,2,1,0,0,0,0.0,66.66666666666666,33.33333333333333,0.0,0.0,0.0
polecat,3,forest,66.7,False,,Eligible for 'forest' at 66.7% but not included — either not semantically coherent or better represented by other labels already in the map,0,2,1,0,0,0,0.0,66.66666666666666,33.33333333333333,0.0,0.0,0.0
bustard,3,forest,66.7,False,,Eligible for 'forest' at 66.7% but not included — either not semantically coherent or better represented by other labels already in the map,0,2,0,1,0,0,0.0,66.66666666666666,0.0,33.33333333333333,0.0,0.0
hip,6,forest,66.7,False,,Eligible for 'forest' at 66.7% but not included — either not semantically coherent or better represented by other labels already in the map,0,4,2,0,0,0,0.0,66.66666666666666,33.33333333333333,0.0,0.0,0.0
skunk,9,forest,66.7,False,,Eligible for 'forest' at 66.7% but not included — either not semantically coherent or better represented by other labels already in the map,1,6,1,1,0,0,11.11111111111111,66.66666666666666,11.11111111111111,11.11111111111111,0.0,0.0
Weimaraner,3,forest,66.7,False,,Eligible for 'forest' at 66.7% but not included — either not semantically coherent or better represented by other labels already in the map,0,2,1,0,0,0,0.0,66.66666666666666,33.33333333333333,0.0,0.0,0.0
harvestman,3,forest,66.7,False,,Eligible for 'forest' at 66.7% but not included — either not semantically coherent or better represented by other labels already in the map,0,2,1,0,0,0,0.0,66.66666666666666,33.33333333333333,0.0,0.0,0.0
lycaenid,3,forest,66.7,False,,Eligible for 'forest' at 66.7% but not included — either not semantically coherent or better represented by other labels already in the map,0,2,0,0,1,0,0.0,66.66666666666666,0.0,0.0,33.33333333333333,0.0
tiger,3,forest,66.7,False,,Eligible for 'forest' at 66.7% but not included — either not semantically coherent or better represented by other labels already in the map,0,2,0,0,1,0,0.0,66.66666666666666,0.0,0.0,33.33333333333333,0.0
vase,3,forest,66.7,False,,Eligible for 'forest' at 66.7% but not included — either not semantically coherent or better represented by other labels already in the map,0,2,1,0,0,0,0.0,66.66666666666666,33.33333333333333,0.0,0.0,0.0
lynx,6,forest,66.7,False,,Eligible for 'forest' at 66.7% but not included — either not semantically coherent or better represented by other labels already in the map,0,4,1,1,0,0,0.0,66.66666666666666,16.666666666666664,16.666666666666664,0.0,0.0
ballpoint,3,forest,66.7,False,,Eligible for 'forest' at 66.7% but not included — either not semantically coherent or better represented by other labels already in the map,0,2,0,0,0,1,0.0,66.66666666666666,0.0,0.0,0.0,33.33333333333333
alligator lizard,3,forest,66.7,False,,Eligible for 'forest' at 66.7% but not included — either not semantically coherent or better represented by other labels already in the map,0,2,0,0,0,1,0.0,66.66666666666666,0.0,0.0,0.0,33.33333333333333
fox squirrel,6,forest,66.7,False,,Eligible for 'forest' at 66.7% but not included — either not semantically coherent or better represented by other labels already in the map,0,4,2,0,0,0,0.0,66.66666666666666,33.33333333333333,0.0,0.0,0.0
worm fence,577,forest,65.9,True,forest,Included in 'forest' — fires 65.9% of the time in that class (>= 65% threshold),78,380,2,44,18,55,13.518197573656845,65.8578856152513,0.34662045060658575,7.625649913344887,3.119584055459272,9.532062391681109
hen-of-the-woods,49,forest,65.3,False,,Eligible for 'forest' at 65.3% but not included — either not semantically coherent or better represented by other labels already in the map,0,32,9,6,2,0,0.0,65.3061224489796,18.367346938775512,12.244897959183673,4.081632653061225,0.0
stone wall,292,forest,65.1,True,forest,Included in 'forest' — fires 65.1% of the time in that class (>= 65% threshold),5,190,22,64,3,8,1.7123287671232876,65.06849315068493,7.534246575342466,21.91780821917808,1.0273972602739725,2.73972602739726
swing,97,forest,63.9,False,,Rejected — dominant class 'forest' only at 63.9% (< 65% threshold). Fires too broadly across multiple classes.,1,62,4,7,2,21,1.0309278350515463,63.91752577319587,4.123711340206185,7.216494845360824,2.0618556701030926,21.649484536082475
hare,11,forest,63.6,False,,Rejected — dominant class 'forest' only at 63.6% (< 65% threshold). Fires too broadly across multiple classes.,0,7,2,1,1,0,0.0,63.63636363636363,18.181818181818183,9.090909090909092,9.090909090909092,0.0
vulture,11,forest,63.6,False,,Rejected — dominant class 'forest' only at 63.6% (< 65% threshold). Fires too broadly across multiple classes.,0,7,3,1,0,0,0.0,63.63636363636363,27.27272727272727,9.090909090909092,0.0,0.0
cloak,57,forest,63.2,False,,Rejected — dominant class 'forest' only at 63.2% (< 65% threshold). Fires too broadly across multiple classes.,1,36,10,4,1,5,1.7543859649122806,63.1578947368421,17.543859649122805,7.017543859649122,1.7543859649122806,8.771929824561402
horizontal bar,19,forest,63.2,False,,Rejected — dominant class 'forest' only at 63.2% (< 65% threshold). Fires too broadly across multiple classes.,0,12,1,0,0,6,0.0,63.1578947368421,5.263157894736842,0.0,0.0,31.57894736842105
earthstar,8,forest,62.5,False,,Rejected — dominant class 'forest' only at 62.5% (< 65% threshold). Fires too broadly across multiple classes.,0,5,1,2,0,0,0.0,62.5,12.5,25.0,0.0,0.0
mountain bike,461,forest,61.0,True,mountain,Included in 'mountain' — fires 61.0% of the time in that class (>= 65% threshold),0,281,13,136,1,30,0.0,60.95444685466378,2.8199566160520604,29.50108459869848,0.21691973969631237,6.507592190889371
apiary,41,forest,61.0,False,,Rejected — dominant class 'forest' only at 61.0% (< 65% threshold). Fires too broadly across multiple classes.,4,25,4,5,0,3,9.75609756097561,60.97560975609756,9.75609756097561,12.195121951219512,0.0,7.317073170731707
maypole,60,forest,60.0,False,,Rejected — dominant class 'forest' only at 60.0% (< 65% threshold). Fires too broadly across multiple classes.,7,36,2,0,2,13,11.666666666666666,60.0,3.3333333333333335,0.0,3.3333333333333335,21.666666666666668
milk can,5,forest,60.0,False,,Rejected — dominant class 'forest' only at 60.0% (< 65% threshold). Fires too broadly across multiple classes.,0,3,0,1,0,1,0.0,60.0,0.0,20.0,0.0,20.0
kite,15,forest,60.0,False,,Rejected — dominant class 'forest' only at 60.0% (< 65% threshold). Fires too broadly across multiple classes.,0,9,6,0,0,0,0.0,60.0,40.0,0.0,0.0,0.0
zebra,5,forest,60.0,False,,Rejected — dominant class 'forest' only at 60.0% (< 65% threshold). Fires too broadly across multiple classes.,0,3,1,1,0,0,0.0,60.0,20.0,20.0,0.0,0.0
African elephant,5,forest,60.0,False,,Rejected — dominant class 'forest' only at 60.0% (< 65% threshold). Fires too broadly across multiple classes.,0,3,0,2,0,0,0.0,60.0,0.0,40.0,0.0,0.0
ostrich,5,forest,60.0,False,,Rejected — dominant class 'forest' only at 60.0% (< 65% threshold). Fires too broadly across multiple classes.,1,3,0,1,0,0,20.0,60.0,0.0,20.0,0.0,0.0
mushroom,5,forest,60.0,False,,Rejected — dominant class 'forest' only at 60.0% (< 65% threshold). Fires too broadly across multiple classes.,0,3,2,0,0,0,0.0,60.0,40.0,0.0,0.0,0.0
black stork,10,forest,60.0,False,,Rejected — dominant class 'forest' only at 60.0% (< 65% threshold). Fires too broadly across multiple classes.,0,6,3,0,1,0,0.0,60.0,30.0,0.0,10.0,0.0
rubber eraser,5,forest,60.0,False,,Rejected — dominant class 'forest' only at 60.0% (< 65% threshold). Fires too broadly across multiple classes.,0,3,0,0,0,2,0.0,60.0,0.0,0.0,0.0,40.0
frilled lizard,5,forest,60.0,False,,Rejected — dominant class 'forest' only at 60.0% (< 65% threshold). Fires too broadly across multiple classes.,0,3,0,1,1,0,0.0,60.0,0.0,20.0,20.0,0.0
American alligator,17,forest,58.8,False,,Rejected — dominant class 'forest' only at 58.8% (< 65% threshold). Fires too broadly across multiple classes.,0,10,5,2,0,0,0.0,58.82352941176471,29.411764705882355,11.76470588235294,0.0,0.0
ox,17,forest,58.8,False,,Rejected — dominant class 'forest' only at 58.8% (< 65% threshold). Fires too broadly across multiple classes.,0,10,1,4,0,2,0.0,58.82352941176471,5.88235294117647,23.52941176470588,0.0,11.76470588235294
plow,24,forest,58.3,False,,Rejected — dominant class 'forest' only at 58.3% (< 65% threshold). Fires too broadly across multiple classes.,0,14,2,0,5,3,0.0,58.333333333333336,8.333333333333332,0.0,20.833333333333336,12.5
curly-coated retriever,12,forest,58.3,False,,Rejected — dominant class 'forest' only at 58.3% (< 65% threshold). Fires too broadly across multiple classes.,0,7,1,1,2,1,0.0,58.333333333333336,8.333333333333332,8.333333333333332,16.666666666666664,8.333333333333332
suspension bridge,282,forest,58.2,True,forest,Included in 'forest' — fires 58.2% of the time in that class (>= 65% threshold),35,164,0,23,12,48,12.411347517730496,58.156028368794324,0.0,8.156028368794328,4.25531914893617,17.02127659574468
African hunting dog,7,forest,57.1,False,,Rejected — dominant class 'forest' only at 57.1% (< 65% threshold). Fires too broadly across multiple classes.,0,4,1,0,2,0,0.0,57.14285714285714,14.285714285714285,0.0,28.57142857142857,0.0
bluetick,7,forest,57.1,False,,Rejected — dominant class 'forest' only at 57.1% (< 65% threshold). Fires too broadly across multiple classes.,0,4,0,0,3,0,0.0,57.14285714285714,0.0,0.0,42.857142857142854,0.0
robin,7,forest,57.1,False,,Rejected — dominant class 'forest' only at 57.1% (< 65% threshold). Fires too broadly across multiple classes.,0,4,3,0,0,0,0.0,57.14285714285714,42.857142857142854,0.0,0.0,0.0
greenhouse,140,forest,56.4,True,buildings,Included in 'buildings' — fires 56.4% of the time in that class (>= 65% threshold),27,79,0,3,7,24,19.28571428571429,56.42857142857143,0.0,2.142857142857143,5.0,17.142857142857142
viaduct,189,forest,54.5,False,,Rejected — dominant class 'forest' only at 54.5% (< 65% threshold). Fires too broadly across multiple classes.,22,103,3,21,1,39,11.64021164021164,54.4973544973545,1.5873015873015872,11.11111111111111,0.5291005291005291,20.634920634920633
Bouvier des Flandres,11,forest,54.5,False,,Rejected — dominant class 'forest' only at 54.5% (< 65% threshold). Fires too broadly across multiple classes.,0,6,2,0,1,2,0.0,54.54545454545454,18.181818181818183,0.0,9.090909090909092,18.181818181818183
bow,48,forest,54.2,False,,Rejected — dominant class 'forest' only at 54.2% (< 65% threshold). Fires too broadly across multiple classes.,0,26,6,2,2,12,0.0,54.166666666666664,12.5,4.166666666666666,4.166666666666666,25.0
beaver,24,forest,54.2,False,,Rejected — dominant class 'forest' only at 54.2% (< 65% threshold). Fires too broadly across multiple classes.,0,13,6,2,3,0,0.0,54.166666666666664,25.0,8.333333333333332,12.5,0.0
organ,39,forest,53.8,False,,Rejected — dominant class 'forest' only at 53.8% (< 65% threshold). Fires too broadly across multiple classes.,13,21,0,0,0,5,33.33333333333333,53.84615384615385,0.0,0.0,0.0,12.82051282051282
English setter,13,forest,53.8,False,,Rejected — dominant class 'forest' only at 53.8% (< 65% threshold). Fires too broadly across multiple classes.,0,7,2,2,2,0,0.0,53.84615384615385,15.384615384615385,15.384615384615385,15.384615384615385,0.0
parallel bars,17,forest,52.9,False,,Rejected — dominant class 'forest' only at 52.9% (< 65% threshold). Fires too broadly across multiple classes.,0,9,0,0,5,3,0.0,52.94117647058824,0.0,0.0,29.411764705882355,17.647058823529413
ruffed grouse,19,forest,52.6,False,,Rejected — dominant class 'forest' only at 52.6% (< 65% threshold). Fires too broadly across multiple classes.,0,10,9,0,0,0,0.0,52.63157894736842,47.368421052631575,0.0,0.0,0.0
maze,203,forest,50.2,False,,Rejected — dominant class 'forest' only at 50.2% (< 65% threshold). Fires too broadly across multiple classes.,22,102,13,17,8,41,10.83743842364532,50.24630541871922,6.403940886699508,8.374384236453201,3.9408866995073892,20.19704433497537
punching bag,10,forest,50.0,False,,Rejected — dominant class 'forest' only at 50.0% (< 65% threshold). Fires too broadly across multiple classes.,0,5,0,0,0,5,0.0,50.0,0.0,0.0,0.0,50.0
rifle,12,forest,50.0,False,,Rejected — dominant class 'forest' only at 50.0% (< 65% threshold). Fires too broadly across multiple classes.,0,6,1,3,1,1,0.0,50.0,8.333333333333332,25.0,8.333333333333332,8.333333333333332
mitten,4,forest,50.0,False,,Rejected — dominant class 'forest' only at 50.0% (< 65% threshold). Fires too broadly across multiple classes.,0,2,0,2,0,0,0.0,50.0,0.0,50.0,0.0,0.0
Bernese mountain dog,2,forest,50.0,False,,Rejected — dominant class 'forest' only at 50.0% (< 65% threshold). Fires too broadly across multiple classes.,0,1,0,1,0,0,0.0,50.0,0.0,50.0,0.0,0.0
balance beam,10,forest,50.0,False,,Rejected — dominant class 'forest' only at 50.0% (< 65% threshold). Fires too broadly across multiple classes.,0,5,1,0,1,3,0.0,50.0,10.0,0.0,10.0,30.0
pop bottle,2,forest,50.0,False,,Rejected — dominant class 'forest' only at 50.0% (< 65% threshold). Fires too broadly across multiple classes.,0,1,0,0,0,1,0.0,50.0,0.0,0.0,0.0,50.0
syringe,2,forest,50.0,False,,Rejected — dominant class 'forest' only at 50.0% (< 65% threshold). Fires too broadly across multiple classes.,1,1,0,0,0,0,50.0,50.0,0.0,0.0,0.0,0.0
barrow,22,forest,50.0,False,,Rejected — dominant class 'forest' only at 50.0% (< 65% threshold). Fires too broadly across multiple classes.,0,11,2,2,1,6,0.0,50.0,9.090909090909092,9.090909090909092,4.545454545454546,27.27272727272727
gasmask,6,forest,50.0,False,,Rejected — dominant class 'forest' only at 50.0% (< 65% threshold). Fires too broadly across multiple classes.,0,3,2,0,0,1,0.0,50.0,33.33333333333333,0.0,0.0,16.666666666666664
prairie chicken,4,forest,50.0,False,,Rejected — dominant class 'forest' only at 50.0% (< 65% threshold). Fires too broadly across multiple classes.,0,2,1,0,1,0,0.0,50.0,25.0,0.0,25.0,0.0
timber wolf,6,forest,50.0,False,,Rejected — dominant class 'forest' only at 50.0% (< 65% threshold). Fires too broadly across multiple classes.,0,3,1,2,0,0,0.0,50.0,16.666666666666664,33.33333333333333,0.0,0.0
paintbrush,8,forest,50.0,False,,Rejected — dominant class 'forest' only at 50.0% (< 65% threshold). Fires too broadly across multiple classes.,0,4,1,1,1,1,0.0,50.0,12.5,12.5,12.5,12.5
Norwegian elkhound,2,forest,50.0,False,,Rejected — dominant class 'forest' only at 50.0% (< 65% threshold). Fires too broadly across multiple classes.,0,1,0,0,1,0,0.0,50.0,0.0,0.0,50.0,0.0
Newfoundland,8,forest,50.0,False,,Rejected — dominant class 'forest' only at 50.0% (< 65% threshold). Fires too broadly across multiple classes.,0,4,3,0,0,1,0.0,50.0,37.5,0.0,0.0,12.5
spoonbill,2,forest,50.0,False,,Rejected — dominant class 'forest' only at 50.0% (< 65% threshold). Fires too broadly across multiple classes.,0,1,1,0,0,0,0.0,50.0,50.0,0.0,0.0,0.0
bloodhound,2,forest,50.0,False,,Rejected — dominant class 'forest' only at 50.0% (< 65% threshold). Fires too broadly across multiple classes.,0,1,1,0,0,0,0.0,50.0,50.0,0.0,0.0,0.0
scabbard,2,forest,50.0,False,,Rejected — dominant class 'forest' only at 50.0% (< 65% threshold). Fires too broadly across multiple classes.,0,1,1,0,0,0,0.0,50.0,50.0,0.0,0.0,0.0
lemon,2,forest,50.0,False,,Rejected — dominant class 'forest' only at 50.0% (< 65% threshold). Fires too broadly across multiple classes.,0,1,0,1,0,0,0.0,50.0,0.0,50.0,0.0,0.0
brambling,4,forest,50.0,False,,Rejected — dominant class 'forest' only at 50.0% (< 65% threshold). Fires too broadly across multiple classes.,0,2,2,0,0,0,0.0,50.0,50.0,0.0,0.0,0.0
sorrel,2,forest,50.0,False,,Rejected — dominant class 'forest' only at 50.0% (< 65% threshold). Fires too broadly across multiple classes.,0,1,0,1,0,0,0.0,50.0,0.0,50.0,0.0,0.0
padlock,2,forest,50.0,False,,Rejected — dominant class 'forest' only at 50.0% (< 65% threshold). Fires too broadly across multiple classes.,0,1,0,0,0,1,0.0,50.0,0.0,0.0,0.0,50.0
Labrador retriever,17,forest,47.1,False,,Rejected — dominant class 'forest' only at 47.1% (< 65% threshold). Fires too broadly across multiple classes.,0,8,6,1,1,1,0.0,47.05882352941176,35.294117647058826,5.88235294117647,5.88235294117647,5.88235294117647
crash helmet,26,forest,46.2,False,,Rejected — dominant class 'forest' only at 46.2% (< 65% threshold). Fires too broadly across multiple classes.,0,12,0,3,0,11,0.0,46.15384615384615,0.0,11.538461538461538,0.0,42.30769230769231
junco,11,forest,45.5,False,,Rejected — dominant class 'forest' only at 45.5% (< 65% threshold). Fires too broadly across multiple classes.,0,5,5,1,0,0,0.0,45.45454545454545,45.45454545454545,9.090909090909092,0.0,0.0
megalith,133,forest,45.1,False,,Rejected — dominant class 'forest' only at 45.1% (< 65% threshold). Fires too broadly across multiple classes.,6,60,11,40,10,6,4.511278195488721,45.11278195488722,8.270676691729323,30.075187969924812,7.518796992481203,4.511278195488721
hog,9,forest,44.4,False,,Rejected — dominant class 'forest' only at 44.4% (< 65% threshold). Fires too broadly across multiple classes.,0,4,3,1,1,0,0.0,44.44444444444444,33.33333333333333,11.11111111111111,11.11111111111111,0.0
water snake,7,forest,42.9,False,,Rejected — dominant class 'forest' only at 42.9% (< 65% threshold). Fires too broadly across multiple classes.,0,3,1,1,1,1,0.0,42.857142857142854,14.285714285714285,14.285714285714285,14.285714285714285,14.285714285714285
dingo,14,forest,42.9,False,,Rejected — dominant class 'forest' only at 42.9% (< 65% threshold). Fires too broadly across multiple classes.,0,6,4,0,4,0,0.0,42.857142857142854,28.57142857142857,0.0,28.57142857142857,0.0
mailbox,19,forest,42.1,False,,Rejected — dominant class 'forest' only at 42.1% (< 65% threshold). Fires too broadly across multiple classes.,2,8,2,1,0,6,10.526315789473683,42.10526315789473,10.526315789473683,5.263157894736842,0.0,31.57894736842105
giant schnauzer,17,forest,41.2,False,,Rejected — dominant class 'forest' only at 41.2% (< 65% threshold). Fires too broadly across multiple classes.,0,7,5,2,3,0,0.0,41.17647058823529,29.411764705882355,11.76470588235294,17.647058823529413,0.0
chain saw,20,forest,40.0,False,,Rejected — dominant class 'forest' only at 40.0% (< 65% threshold). Fires too broadly across multiple classes.,0,8,2,6,0,4,0.0,40.0,10.0,30.0,0.0,20.0
chiton,5,forest,40.0,False,,Rejected — dominant class 'forest' only at 40.0% (< 65% threshold). Fires too broadly across multiple classes.,0,2,1,2,0,0,0.0,40.0,20.0,40.0,0.0,0.0
Scottish deerhound,5,forest,40.0,False,,Rejected — dominant class 'forest' only at 40.0% (< 65% threshold). Fires too broadly across multiple classes.,0,2,1,1,0,1,0.0,40.0,20.0,20.0,0.0,20.0
cowboy hat,5,forest,40.0,False,,Rejected — dominant class 'forest' only at 40.0% (< 65% threshold). Fires too broadly across multiple classes.,0,2,1,0,0,2,0.0,40.0,20.0,0.0,0.0,40.0
jeep,43,forest,39.5,False,,Rejected — dominant class 'forest' only at 39.5% (< 65% threshold). Fires too broadly across multiple classes.,2,17,6,13,2,3,4.651162790697675,39.53488372093023,13.953488372093023,30.23255813953488,4.651162790697675,6.976744186046512
tractor,23,forest,39.1,False,,Rejected — dominant class 'forest' only at 39.1% (< 65% threshold). Fires too broadly across multiple classes.,1,9,7,2,0,4,4.3478260869565215,39.130434782608695,30.434782608695656,8.695652173913043,0.0,17.391304347826086
broom,39,forest,38.5,False,,Rejected — dominant class 'forest' only at 38.5% (< 65% threshold). Fires too broadly across multiple classes.,0,15,6,3,0,15,0.0,38.46153846153847,15.384615384615385,7.6923076923076925,0.0,38.46153846153847
hay,21,forest,38.1,False,,Rejected — dominant class 'forest' only at 38.1% (< 65% threshold). Fires too broadly across multiple classes.,0,8,0,5,1,7,0.0,38.095238095238095,0.0,23.809523809523807,4.761904761904762,33.33333333333333
Great Dane,8,forest,37.5,False,,Rejected — dominant class 'forest' only at 37.5% (< 65% threshold). Fires too broadly across multiple classes.,0,3,2,0,2,1,0.0,37.5,25.0,0.0,25.0,12.5
chimpanzee,8,forest,37.5,False,,Rejected — dominant class 'forest' only at 37.5% (< 65% threshold). Fires too broadly across multiple classes.,0,3,1,1,1,2,0.0,37.5,12.5,12.5,12.5,25.0
golfcart,43,forest,37.2,False,,Rejected — dominant class 'forest' only at 37.2% (< 65% threshold). Fires too broadly across multiple classes.,7,16,0,4,3,13,16.27906976744186,37.2093023255814,0.0,9.30232558139535,6.976744186046512,30.23255813953488
yurt,121,forest,36.4,False,,Rejected — dominant class 'forest' only at 36.4% (< 65% threshold). Fires too broadly across multiple classes.,8,44,19,38,7,5,6.6115702479338845,36.36363636363637,15.702479338842975,31.40495867768595,5.785123966942149,4.132231404958678
chainlink fence,23,forest,34.8,False,,Rejected — dominant class 'forest' only at 34.8% (< 65% threshold). Fires too broadly across multiple classes.,4,8,1,2,2,6,17.391304347826086,34.78260869565217,4.3478260869565215,8.695652173913043,8.695652173913043,26.08695652173913
thresher,15,forest,33.3,False,,Rejected — dominant class 'forest' only at 33.3% (< 65% threshold). Fires too broadly across multiple classes.,1,5,4,1,2,2,6.666666666666667,33.33333333333333,26.666666666666668,6.666666666666667,13.333333333333334,13.333333333333334
assault rifle,9,forest,33.3,False,,Rejected — dominant class 'forest' only at 33.3% (< 65% threshold). Fires too broadly across multiple classes.,0,3,0,3,1,2,0.0,33.33333333333333,0.0,33.33333333333333,11.11111111111111,22.22222222222222
panpipe,6,forest,33.3,False,,Rejected — dominant class 'forest' only at 33.3% (< 65% threshold). Fires too broadly across multiple classes.,2,2,0,0,0,2,33.33333333333333,33.33333333333333,0.0,0.0,0.0,33.33333333333333
Chesapeake Bay retriever,12,forest,33.3,False,,Rejected — dominant class 'forest' only at 33.3% (< 65% threshold). Fires too broadly across multiple classes.,0,4,3,3,2,0,0.0,33.33333333333333,25.0,25.0,16.666666666666664,0.0
half track,9,forest,33.3,False,,Rejected — dominant class 'forest' only at 33.3% (< 65% threshold). Fires too broadly across multiple classes.,2,3,1,1,0,2,22.22222222222222,33.33333333333333,11.11111111111111,11.11111111111111,0.0,22.22222222222222
patas,3,forest,33.3,False,,Rejected — dominant class 'forest' only at 33.3% (< 65% threshold). Fires too broadly across multiple classes.,0,1,1,1,0,0,0.0,33.33333333333333,33.33333333333333,33.33333333333333,0.0,0.0
nail,12,forest,33.3,False,,Rejected — dominant class 'forest' only at 33.3% (< 65% threshold). Fires too broadly across multiple classes.,2,4,4,1,1,0,16.666666666666664,33.33333333333333,33.33333333333333,8.333333333333332,8.333333333333332,0.0
sunglasses,9,forest,33.3,False,,Rejected — dominant class 'forest' only at 33.3% (< 65% threshold). Fires too broadly across multiple classes.,0,3,0,2,3,1,0.0,33.33333333333333,0.0,22.22222222222222,33.33333333333333,11.11111111111111
guenon,3,forest,33.3,False,,Rejected — dominant class 'forest' only at 33.3% (< 65% threshold). Fires too broadly across multiple classes.,0,1,1,0,0,1,0.0,33.33333333333333,33.33333333333333,0.0,0.0,33.33333333333333
cock,6,forest,33.3,False,,Rejected — dominant class 'forest' only at 33.3% (< 65% threshold). Fires too broadly across multiple classes.,0,2,2,2,0,0,0.0,33.33333333333333,33.33333333333333,33.33333333333333,0.0,0.0
Walker hound,3,forest,33.3,False,,Rejected — dominant class 'forest' only at 33.3% (< 65% threshold). Fires too broadly across multiple classes.,0,1,1,0,1,0,0.0,33.33333333333333,33.33333333333333,0.0,33.33333333333333,0.0
fountain,217,forest,30.4,False,,Rejected — dominant class 'forest' only at 30.4% (< 65% threshold). Fires too broadly across multiple classes.,57,66,9,23,17,45,26.26728110599078,30.414746543778804,4.147465437788019,10.599078341013826,7.834101382488479,20.737327188940093
wool,4,forest,25.0,False,,Rejected — dominant class 'forest' only at 25.0% (< 65% threshold). Fires too broadly across multiple classes.,1,1,1,1,0,0,25.0,25.0,25.0,25.0,0.0,0.0
trilobite,6,glacier,100.0,False,,Eligible for 'glacier' at 100.0% but not included — either not semantically coherent or better represented by other labels already in the map,0,0,6,0,0,0,0.0,0.0,100.0,0.0,0.0,0.0
chambered nautilus,3,glacier,100.0,False,,Eligible for 'glacier' at 100.0% but not included — either not semantically coherent or better represented by other labels already in the map,0,0,3,0,0,0,0.0,0.0,100.0,0.0,0.0,0.0
necklace,3,glacier,100.0,False,,Eligible for 'glacier' at 100.0% but not included — either not semantically coherent or better represented by other labels already in the map,0,0,3,0,0,0,0.0,0.0,100.0,0.0,0.0,0.0
toilet tissue,9,glacier,100.0,False,,Eligible for 'glacier' at 100.0% but not included — either not semantically coherent or better represented by other labels already in the map,0,0,9,0,0,0,0.0,0.0,100.0,0.0,0.0,0.0
fly,3,glacier,100.0,False,,Eligible for 'glacier' at 100.0% but not included — either not semantically coherent or better represented by other labels already in the map,0,0,3,0,0,0,0.0,0.0,100.0,0.0,0.0,0.0
cockroach,1,glacier,100.0,False,,Eligible for 'glacier' at 100.0% but not included — either not semantically coherent or better represented by other labels already in the map,0,0,1,0,0,0,0.0,0.0,100.0,0.0,0.0,0.0
bassinet,2,glacier,100.0,False,,Eligible for 'glacier' at 100.0% but not included — either not semantically coherent or better represented by other labels already in the map,0,0,2,0,0,0,0.0,0.0,100.0,0.0,0.0,0.0
Angora,1,glacier,100.0,False,,Eligible for 'glacier' at 100.0% but not included — either not semantically coherent or better represented by other labels already in the map,0,0,1,0,0,0,0.0,0.0,100.0,0.0,0.0,0.0
sea cucumber,1,glacier,100.0,False,,Eligible for 'glacier' at 100.0% but not included — either not semantically coherent or better represented by other labels already in the map,0,0,1,0,0,0,0.0,0.0,100.0,0.0,0.0,0.0
ringneck snake,1,glacier,100.0,False,,Eligible for 'glacier' at 100.0% but not included — either not semantically coherent or better represented by other labels already in the map,0,0,1,0,0,0,0.0,0.0,100.0,0.0,0.0,0.0
Ibizan hound,3,glacier,100.0,False,,Eligible for 'glacier' at 100.0% but not included — either not semantically coherent or better represented by other labels already in the map,0,0,3,0,0,0,0.0,0.0,100.0,0.0,0.0,0.0
teddy,1,glacier,100.0,False,,Eligible for 'glacier' at 100.0% but not included — either not semantically coherent or better represented by other labels already in the map,0,0,1,0,0,0,0.0,0.0,100.0,0.0,0.0,0.0
tiger beetle,1,glacier,100.0,False,,Eligible for 'glacier' at 100.0% but not included — either not semantically coherent or better represented by other labels already in the map,0,0,1,0,0,0,0.0,0.0,100.0,0.0,0.0,0.0
drake,7,glacier,100.0,False,,Eligible for 'glacier' at 100.0% but not included — either not semantically coherent or better represented by other labels already in the map,0,0,7,0,0,0,0.0,0.0,100.0,0.0,0.0,0.0
ruddy turnstone,6,glacier,100.0,False,,Eligible for 'glacier' at 100.0% but not included — either not semantically coherent or better represented by other labels already in the map,0,0,6,0,0,0,0.0,0.0,100.0,0.0,0.0,0.0
Pembroke,1,glacier,100.0,False,,Eligible for 'glacier' at 100.0% but not included — either not semantically coherent or better represented by other labels already in the map,0,0,1,0,0,0,0.0,0.0,100.0,0.0,0.0,0.0
Blenheim spaniel,3,glacier,100.0,False,,Eligible for 'glacier' at 100.0% but not included — either not semantically coherent or better represented by other labels already in the map,0,0,3,0,0,0,0.0,0.0,100.0,0.0,0.0,0.0
Japanese spaniel,3,glacier,100.0,False,,Eligible for 'glacier' at 100.0% but not included — either not semantically coherent or better represented by other labels already in the map,0,0,3,0,0,0,0.0,0.0,100.0,0.0,0.0,0.0
Welsh springer spaniel,3,glacier,100.0,False,,Eligible for 'glacier' at 100.0% but not included — either not semantically coherent or better represented by other labels already in the map,0,0,3,0,0,0,0.0,0.0,100.0,0.0,0.0,0.0
red-backed sandpiper,5,glacier,100.0,False,,Eligible for 'glacier' at 100.0% but not included — either not semantically coherent or better represented by other labels already in the map,0,0,5,0,0,0,0.0,0.0,100.0,0.0,0.0,0.0
bath towel,1,glacier,100.0,False,,Eligible for 'glacier' at 100.0% but not included — either not semantically coherent or better represented by other labels already in the map,0,0,1,0,0,0,0.0,0.0,100.0,0.0,0.0,0.0
beagle,1,glacier,100.0,False,,Eligible for 'glacier' at 100.0% but not included — either not semantically coherent or better represented by other labels already in the map,0,0,1,0,0,0,0.0,0.0,100.0,0.0,0.0,0.0
water jug,1,glacier,100.0,False,,Eligible for 'glacier' at 100.0% but not included — either not semantically coherent or better represented by other labels already in the map,0,0,1,0,0,0,0.0,0.0,100.0,0.0,0.0,0.0
letter opener,2,glacier,100.0,False,,Eligible for 'glacier' at 100.0% but not included — either not semantically coherent or better represented by other labels already in the map,0,0,2,0,0,0,0.0,0.0,100.0,0.0,0.0,0.0
buckle,1,glacier,100.0,False,,Eligible for 'glacier' at 100.0% but not included — either not semantically coherent or better represented by other labels already in the map,0,0,1,0,0,0,0.0,0.0,100.0,0.0,0.0,0.0
American lobster,1,glacier,100.0,False,,Eligible for 'glacier' at 100.0% but not included — either not semantically coherent or better represented by other labels already in the map,0,0,1,0,0,0,0.0,0.0,100.0,0.0,0.0,0.0
bagel,1,glacier,100.0,False,,Eligible for 'glacier' at 100.0% but not included — either not semantically coherent or better represented by other labels already in the map,0,0,1,0,0,0,0.0,0.0,100.0,0.0,0.0,0.0
packet,1,glacier,100.0,False,,Eligible for 'glacier' at 100.0% but not included — either not semantically coherent or better represented by other labels already in the map,0,0,1,0,0,0,0.0,0.0,100.0,0.0,0.0,0.0
bassoon,1,glacier,100.0,False,,Eligible for 'glacier' at 100.0% but not included — either not semantically coherent or better represented by other labels already in the map,0,0,1,0,0,0,0.0,0.0,100.0,0.0,0.0,0.0
tick,3,glacier,100.0,False,,Eligible for 'glacier' at 100.0% but not included — either not semantically coherent or better represented by other labels already in the map,0,0,3,0,0,0,0.0,0.0,100.0,0.0,0.0,0.0
power drill,1,glacier,100.0,False,,Eligible for 'glacier' at 100.0% but not included — either not semantically coherent or better represented by other labels already in the map,0,0,1,0,0,0,0.0,0.0,100.0,0.0,0.0,0.0
golden retriever,2,glacier,100.0,False,,Eligible for 'glacier' at 100.0% but not included — either not semantically coherent or better represented by other labels already in the map,0,0,2,0,0,0,0.0,0.0,100.0,0.0,0.0,0.0
axolotl,1,glacier,100.0,False,,Eligible for 'glacier' at 100.0% but not included — either not semantically coherent or better represented by other labels already in the map,0,0,1,0,0,0,0.0,0.0,100.0,0.0,0.0,0.0
cleaver,1,glacier,100.0,False,,Eligible for 'glacier' at 100.0% but not included — either not semantically coherent or better represented by other labels already in the map,0,0,1,0,0,0,0.0,0.0,100.0,0.0,0.0,0.0
refrigerator,1,glacier,100.0,False,,Eligible for 'glacier' at 100.0% but not included — either not semantically coherent or better represented by other labels already in the map,0,0,1,0,0,0,0.0,0.0,100.0,0.0,0.0,0.0
lens cap,1,glacier,100.0,False,,Eligible for 'glacier' at 100.0% but not included — either not semantically coherent or better represented by other labels already in the map,0,0,1,0,0,0,0.0,0.0,100.0,0.0,0.0,0.0
toy poodle,1,glacier,100.0,False,,Eligible for 'glacier' at 100.0% but not included — either not semantically coherent or better represented by other labels already in the map,0,0,1,0,0,0,0.0,0.0,100.0,0.0,0.0,0.0
basenji,1,glacier,100.0,False,,Eligible for 'glacier' at 100.0% but not included — either not semantically coherent or better represented by other labels already in the map,0,0,1,0,0,0,0.0,0.0,100.0,0.0,0.0,0.0
German shepherd,1,glacier,100.0,False,,Eligible for 'glacier' at 100.0% but not included — either not semantically coherent or better represented by other labels already in the map,0,0,1,0,0,0,0.0,0.0,100.0,0.0,0.0,0.0
cardigan,1,glacier,100.0,False,,Eligible for 'glacier' at 100.0% but not included — either not semantically coherent or better represented by other labels already in the map,0,0,1,0,0,0,0.0,0.0,100.0,0.0,0.0,0.0
black-footed ferret,1,glacier,100.0,False,,Eligible for 'glacier' at 100.0% but not included — either not semantically coherent or better represented by other labels already in the map,0,0,1,0,0,0,0.0,0.0,100.0,0.0,0.0,0.0
tray,2,glacier,100.0,False,,Eligible for 'glacier' at 100.0% but not included — either not semantically coherent or better represented by other labels already in the map,0,0,2,0,0,0,0.0,0.0,100.0,0.0,0.0,0.0
diaper,13,glacier,92.3,False,,Eligible for 'glacier' at 92.3% but not included — either not semantically coherent or better represented by other labels already in the map,0,0,12,0,1,0,0.0,0.0,92.3076923076923,0.0,7.6923076923076925,0.0
shower cap,11,glacier,90.9,False,,Eligible for 'glacier' at 90.9% but not included — either not semantically coherent or better represented by other labels already in the map,0,0,10,0,0,1,0.0,0.0,90.9090909090909,0.0,0.0,9.090909090909092
paper towel,20,glacier,90.0,False,,Eligible for 'glacier' at 90.0% but not included — either not semantically coherent or better represented by other labels already in the map,0,0,18,2,0,0,0.0,0.0,90.0,10.0,0.0,0.0
king penguin,27,glacier,88.9,True,glacier,Included in 'glacier' — fires 88.9% of the time in that class (>= 65% threshold),0,0,24,0,3,0,0.0,0.0,88.88888888888889,0.0,11.11111111111111,0.0
ptarmigan,43,glacier,88.4,True,glacier,Included in 'glacier' — fires 88.4% of the time in that class (>= 65% threshold),0,0,38,5,0,0,0.0,0.0,88.37209302325581,11.627906976744185,0.0,0.0
Samoyed,21,glacier,85.7,False,,Eligible for 'glacier' at 85.7% but not included — either not semantically coherent or better represented by other labels already in the map,0,0,18,1,2,0,0.0,0.0,85.71428571428571,4.761904761904762,9.523809523809524,0.0
Cardigan,7,glacier,85.7,False,,Eligible for 'glacier' at 85.7% but not included — either not semantically coherent or better represented by other labels already in the map,0,1,6,0,0,0,0.0,14.285714285714285,85.71428571428571,0.0,0.0,0.0
clumber,7,glacier,85.7,False,,Eligible for 'glacier' at 85.7% but not included — either not semantically coherent or better represented by other labels already in the map,0,0,6,1,0,0,0.0,0.0,85.71428571428571,14.285714285714285,0.0,0.0
Arctic fox,68,glacier,83.8,True,glacier,Included in 'glacier' — fires 83.8% of the time in that class (>= 65% threshold),0,3,57,7,1,0,0.0,4.411764705882353,83.82352941176471,10.294117647058822,1.4705882352941175,0.0
Eskimo dog,12,glacier,83.3,False,,Eligible for 'glacier' at 83.3% but not included — either not semantically coherent or better represented by other labels already in the map,0,1,10,0,1,0,0.0,8.333333333333332,83.33333333333334,0.0,8.333333333333332,0.0
standard poodle,6,glacier,83.3,False,,Eligible for 'glacier' at 83.3% but not included — either not semantically coherent or better represented by other labels already in the map,0,0,5,1,0,0,0.0,0.0,83.33333333333334,16.666666666666664,0.0,0.0
redshank,6,glacier,83.3,False,,Eligible for 'glacier' at 83.3% but not included — either not semantically coherent or better represented by other labels already in the map,0,0,5,0,1,0,0.0,0.0,83.33333333333334,0.0,16.666666666666664,0.0
stingray,10,glacier,80.0,False,,Eligible for 'glacier' at 80.0% but not included — either not semantically coherent or better represented by other labels already in the map,0,0,8,1,1,0,0.0,0.0,80.0,10.0,10.0,0.0
bonnet,5,glacier,80.0,False,,Eligible for 'glacier' at 80.0% but not included — either not semantically coherent or better represented by other labels already in the map,0,0,4,1,0,0,0.0,0.0,80.0,20.0,0.0,0.0
oxygen mask,5,glacier,80.0,False,,Eligible for 'glacier' at 80.0% but not included — either not semantically coherent or better represented by other labels already in the map,0,1,4,0,0,0,0.0,20.0,80.0,0.0,0.0,0.0
ice bear,114,glacier,79.8,True,glacier,Included in 'glacier' — fires 79.8% of the time in that class (>= 65% threshold),0,0,91,10,12,1,0.0,0.0,79.82456140350878,8.771929824561402,10.526315789473683,0.8771929824561403
sleeping bag,19,glacier,78.9,False,,Eligible for 'glacier' at 78.9% but not included — either not semantically coherent or better represented by other labels already in the map,1,0,15,2,1,0,5.263157894736842,0.0,78.94736842105263,10.526315789473683,5.263157894736842,0.0
plastic bag,84,glacier,76.2,False,,Eligible for 'glacier' at 76.2% but not included — either not semantically coherent or better represented by other labels already in the map,0,5,64,5,5,5,0.0,5.952380952380952,76.19047619047619,5.952380952380952,5.952380952380952,5.952380952380952
bathtub,16,glacier,75.0,False,,Eligible for 'glacier' at 75.0% but not included — either not semantically coherent or better represented by other labels already in the map,1,1,12,0,1,1,6.25,6.25,75.0,0.0,6.25,6.25
running shoe,4,glacier,75.0,False,,Eligible for 'glacier' at 75.0% but not included — either not semantically coherent or better represented by other labels already in the map,0,0,3,0,0,1,0.0,0.0,75.0,0.0,0.0,25.0
chain,4,glacier,75.0,False,,Eligible for 'glacier' at 75.0% but not included — either not semantically coherent or better represented by other labels already in the map,0,1,3,0,0,0,0.0,25.0,75.0,0.0,0.0,0.0
isopod,4,glacier,75.0,False,,Eligible for 'glacier' at 75.0% but not included — either not semantically coherent or better represented by other labels already in the map,0,1,3,0,0,0,0.0,25.0,75.0,0.0,0.0,0.0
weevil,4,glacier,75.0,False,,Eligible for 'glacier' at 75.0% but not included — either not semantically coherent or better represented by other labels already in the map,0,0,3,0,1,0,0.0,0.0,75.0,0.0,25.0,0.0
papillon,4,glacier,75.0,False,,Eligible for 'glacier' at 75.0% but not included — either not semantically coherent or better represented by other labels already in the map,0,1,3,0,0,0,0.0,25.0,75.0,0.0,0.0,0.0
mousetrap,4,glacier,75.0,False,,Eligible for 'glacier' at 75.0% but not included — either not semantically coherent or better represented by other labels already in the map,0,0,3,0,0,1,0.0,0.0,75.0,0.0,0.0,25.0
snow leopard,4,glacier,75.0,False,,Eligible for 'glacier' at 75.0% but not included — either not semantically coherent or better represented by other labels already in the map,0,0,3,0,1,0,0.0,0.0,75.0,0.0,25.0,0.0
weasel,29,glacier,72.4,False,,Eligible for 'glacier' at 72.4% but not included — either not semantically coherent or better represented by other labels already in the map,0,4,21,2,2,0,0.0,13.793103448275861,72.41379310344827,6.896551724137931,6.896551724137931,0.0
goose,18,glacier,72.2,False,,Eligible for 'glacier' at 72.2% but not included — either not semantically coherent or better represented by other labels already in the map,0,2,13,2,1,0,0.0,11.11111111111111,72.22222222222221,11.11111111111111,5.555555555555555,0.0
handkerchief,14,glacier,71.4,False,,Eligible for 'glacier' at 71.4% but not included — either not semantically coherent or better represented by other labels already in the map,0,1,10,1,1,1,0.0,7.142857142857142,71.42857142857143,7.142857142857142,7.142857142857142,7.142857142857142
ant,10,glacier,70.0,False,,Eligible for 'glacier' at 70.0% but not included — either not semantically coherent or better represented by other labels already in the map,0,2,7,1,0,0,0.0,20.0,70.0,10.0,0.0,0.0
black grouse,23,glacier,69.6,False,,Eligible for 'glacier' at 69.6% but not included — either not semantically coherent or better represented by other labels already in the map,0,1,16,5,1,0,0.0,4.3478260869565215,69.56521739130434,21.73913043478261,4.3478260869565215,0.0
quilt,16,glacier,68.8,False,,Eligible for 'glacier' at 68.8% but not included — either not semantically coherent or better represented by other labels already in the map,1,0,11,3,0,1,6.25,0.0,68.75,18.75,0.0,6.25
Appenzeller,6,glacier,66.7,False,,Eligible for 'glacier' at 66.7% but not included — either not semantically coherent or better represented by other labels already in the map,0,2,4,0,0,0,0.0,33.33333333333333,66.66666666666666,0.0,0.0,0.0
conch,24,glacier,66.7,False,,Eligible for 'glacier' at 66.7% but not included — either not semantically coherent or better represented by other labels already in the map,0,1,16,3,4,0,0.0,4.166666666666666,66.66666666666666,12.5,16.666666666666664,0.0
sulphur-crested cockatoo,6,glacier,66.7,False,,Eligible for 'glacier' at 66.7% but not included — either not semantically coherent or better represented by other labels already in the map,0,2,4,0,0,0,0.0,33.33333333333333,66.66666666666666,0.0,0.0,0.0
Kerry blue terrier,9,glacier,66.7,False,,Eligible for 'glacier' at 66.7% but not included — either not semantically coherent or better represented by other labels already in the map,0,0,6,0,2,1,0.0,0.0,66.66666666666666,0.0,22.22222222222222,11.11111111111111
oystercatcher,15,glacier,66.7,False,,Eligible for 'glacier' at 66.7% but not included — either not semantically coherent or better represented by other labels already in the map,0,0,10,0,5,0,0.0,0.0,66.66666666666666,0.0,33.33333333333333,0.0
red-breasted merganser,18,glacier,66.7,False,,Eligible for 'glacier' at 66.7% but not included — either not semantically coherent or better represented by other labels already in the map,0,0,12,0,6,0,0.0,0.0,66.66666666666666,0.0,33.33333333333333,0.0
Maltese dog,3,glacier,66.7,False,,Eligible for 'glacier' at 66.7% but not included — either not semantically coherent or better represented by other labels already in the map,0,0,2,0,1,0,0.0,0.0,66.66666666666666,0.0,33.33333333333333,0.0
brain coral,3,glacier,66.7,False,,Eligible for 'glacier' at 66.7% but not included — either not semantically coherent or better represented by other labels already in the map,0,0,2,1,0,0,0.0,0.0,66.66666666666666,33.33333333333333,0.0,0.0
spiny lobster,3,glacier,66.7,False,,Eligible for 'glacier' at 66.7% but not included — either not semantically coherent or better represented by other labels already in the map,0,1,2,0,0,0,0.0,33.33333333333333,66.66666666666666,0.0,0.0,0.0
lacewing,3,glacier,66.7,False,,Eligible for 'glacier' at 66.7% but not included — either not semantically coherent or better represented by other labels already in the map,0,1,2,0,0,0,0.0,33.33333333333333,66.66666666666666,0.0,0.0,0.0
washbasin,3,glacier,66.7,False,,Eligible for 'glacier' at 66.7% but not included — either not semantically coherent or better represented by other labels already in the map,0,0,2,0,0,1,0.0,0.0,66.66666666666666,0.0,0.0,33.33333333333333
sidewinder,3,glacier,66.7,False,,Eligible for 'glacier' at 66.7% but not included — either not semantically coherent or better represented by other labels already in the map,1,0,2,0,0,0,33.33333333333333,0.0,66.66666666666666,0.0,0.0,0.0
ski,415,glacier,65.1,True,glacier,Included in 'glacier' — fires 65.1% of the time in that class (>= 65% threshold),1,21,270,94,12,17,0.24096385542168677,5.0602409638554215,65.06024096385542,22.650602409638555,2.891566265060241,4.096385542168675
tub,20,glacier,65.0,False,,Eligible for 'glacier' at 65.0% but not included — either not semantically coherent or better represented by other labels already in the map,3,2,13,0,0,2,15.0,10.0,65.0,0.0,0.0,10.0
ski mask,39,glacier,64.1,False,,Rejected — dominant class 'glacier' only at 64.1% (< 65% threshold). Fires too broadly across multiple classes.,0,6,25,7,0,1,0.0,15.384615384615385,64.1025641025641,17.94871794871795,0.0,2.564102564102564
snowmobile,300,glacier,64.0,True,glacier,Included in 'glacier' — fires 64.0% of the time in that class (>= 65% threshold),4,44,192,48,3,9,1.3333333333333335,14.666666666666666,64.0,16.0,1.0,3.0
partridge,11,glacier,63.6,False,,Rejected — dominant class 'glacier' only at 63.6% (< 65% threshold). Fires too broadly across multiple classes.,0,4,7,0,0,0,0.0,36.36363636363637,63.63636363636363,0.0,0.0,0.0
shovel,103,glacier,63.1,False,,Rejected — dominant class 'glacier' only at 63.1% (< 65% threshold). Fires too broadly across multiple classes.,2,14,65,11,6,5,1.9417475728155338,13.592233009708737,63.10679611650486,10.679611650485436,5.825242718446602,4.854368932038835
kuvasz,27,glacier,63.0,False,,Rejected — dominant class 'glacier' only at 63.0% (< 65% threshold). Fires too broadly across multiple classes.,0,1,17,5,4,0,0.0,3.7037037037037033,62.96296296296296,18.51851851851852,14.814814814814813,0.0
white wolf,16,glacier,62.5,False,,Rejected — dominant class 'glacier' only at 62.5% (< 65% threshold). Fires too broadly across multiple classes.,0,1,10,5,0,0,0.0,6.25,62.5,31.25,0.0,0.0
mortar,8,glacier,62.5,False,,Rejected — dominant class 'glacier' only at 62.5% (< 65% threshold). Fires too broadly across multiple classes.,0,1,5,1,0,1,0.0,12.5,62.5,12.5,0.0,12.5
flat-coated retriever,8,glacier,62.5,False,,Rejected — dominant class 'glacier' only at 62.5% (< 65% threshold). Fires too broadly across multiple classes.,0,1,5,1,1,0,0.0,12.5,62.5,12.5,12.5,0.0
Sealyham terrier,8,glacier,62.5,False,,Rejected — dominant class 'glacier' only at 62.5% (< 65% threshold). Fires too broadly across multiple classes.,0,0,5,0,0,3,0.0,0.0,62.5,0.0,0.0,37.5
warplane,21,glacier,61.9,False,,Rejected — dominant class 'glacier' only at 61.9% (< 65% threshold). Fires too broadly across multiple classes.,0,0,13,1,1,6,0.0,0.0,61.904761904761905,4.761904761904762,4.761904761904762,28.57142857142857
bobsled,78,glacier,60.3,True,glacier,Included in 'glacier' — fires 60.3% of the time in that class (>= 65% threshold),1,13,47,4,4,9,1.282051282051282,16.666666666666664,60.256410256410255,5.128205128205128,5.128205128205128,11.538461538461538
hair slide,5,glacier,60.0,False,,Rejected — dominant class 'glacier' only at 60.0% (< 65% threshold). Fires too broadly across multiple classes.,0,1,3,0,1,0,0.0,20.0,60.0,0.0,20.0,0.0
American coot,15,glacier,60.0,False,,Rejected — dominant class 'glacier' only at 60.0% (< 65% threshold). Fires too broadly across multiple classes.,0,4,9,0,2,0,0.0,26.666666666666668,60.0,0.0,13.333333333333334,0.0
lionfish,5,glacier,60.0,False,,Rejected — dominant class 'glacier' only at 60.0% (< 65% threshold). Fires too broadly across multiple classes.,0,2,3,0,0,0,0.0,40.0,60.0,0.0,0.0,0.0
cradle,5,glacier,60.0,False,,Rejected — dominant class 'glacier' only at 60.0% (< 65% threshold). Fires too broadly across multiple classes.,0,0,3,2,0,0,0.0,0.0,60.0,40.0,0.0,0.0
Great Pyrenees,25,glacier,60.0,False,,Rejected — dominant class 'glacier' only at 60.0% (< 65% threshold). Fires too broadly across multiple classes.,0,3,15,3,4,0,0.0,12.0,60.0,12.0,16.0,0.0
Gordon setter,5,glacier,60.0,False,,Rejected — dominant class 'glacier' only at 60.0% (< 65% threshold). Fires too broadly across multiple classes.,0,0,3,1,1,0,0.0,0.0,60.0,20.0,20.0,0.0
Chihuahua,5,glacier,60.0,False,,Rejected — dominant class 'glacier' only at 60.0% (< 65% threshold). Fires too broadly across multiple classes.,0,2,3,0,0,0,0.0,40.0,60.0,0.0,0.0,0.0
black swan,5,glacier,60.0,False,,Rejected — dominant class 'glacier' only at 60.0% (< 65% threshold). Fires too broadly across multiple classes.,0,0,3,1,1,0,0.0,0.0,60.0,20.0,20.0,0.0
dogsled,198,glacier,59.1,True,glacier,Included in 'glacier' — fires 59.1% of the time in that class (>= 65% threshold),1,38,117,35,3,4,0.5050505050505051,19.19191919191919,59.09090909090909,17.67676767676768,1.5151515151515151,2.0202020202020203
albatross,56,glacier,58.9,False,,Rejected — dominant class 'glacier' only at 58.9% (< 65% threshold). Fires too broadly across multiple classes.,0,0,33,3,20,0,0.0,0.0,58.92857142857143,5.357142857142857,35.714285714285715,0.0
dugong,25,glacier,56.0,False,,Rejected — dominant class 'glacier' only at 56.0% (< 65% threshold). Fires too broadly across multiple classes.,0,0,14,1,10,0,0.0,0.0,56.00000000000001,4.0,40.0,0.0
pelican,20,glacier,55.0,False,,Rejected — dominant class 'glacier' only at 55.0% (< 65% threshold). Fires too broadly across multiple classes.,0,1,11,0,8,0,0.0,5.0,55.00000000000001,0.0,40.0,0.0
Siberian husky,20,glacier,55.0,False,,Rejected — dominant class 'glacier' only at 55.0% (< 65% threshold). Fires too broadly across multiple classes.,0,2,11,1,6,0,0.0,10.0,55.00000000000001,5.0,30.0,0.0
whippet,13,glacier,53.8,False,,Rejected — dominant class 'glacier' only at 53.8% (< 65% threshold). Fires too broadly across multiple classes.,0,0,7,1,3,2,0.0,0.0,53.84615384615385,7.6923076923076925,23.076923076923077,15.384615384615385
knot,8,glacier,50.0,False,,Rejected — dominant class 'glacier' only at 50.0% (< 65% threshold). Fires too broadly across multiple classes.,0,0,4,1,1,2,0.0,0.0,50.0,12.5,12.5,25.0
hammerhead,28,glacier,50.0,False,,Rejected — dominant class 'glacier' only at 50.0% (< 65% threshold). Fires too broadly across multiple classes.,0,0,14,1,12,1,0.0,0.0,50.0,3.571428571428571,42.857142857142854,3.571428571428571
Leonberg,2,glacier,50.0,False,,Rejected — dominant class 'glacier' only at 50.0% (< 65% threshold). Fires too broadly across multiple classes.,0,0,1,0,0,1,0.0,0.0,50.0,0.0,0.0,50.0
brassiere,6,glacier,50.0,False,,Rejected — dominant class 'glacier' only at 50.0% (< 65% threshold). Fires too broadly across multiple classes.,0,1,3,2,0,0,0.0,16.666666666666664,50.0,33.33333333333333,0.0,0.0
home theater,6,glacier,50.0,False,,Rejected — dominant class 'glacier' only at 50.0% (< 65% threshold). Fires too broadly across multiple classes.,0,0,3,1,1,1,0.0,0.0,50.0,16.666666666666664,16.666666666666664,16.666666666666664
binoculars,8,glacier,50.0,False,,Rejected — dominant class 'glacier' only at 50.0% (< 65% threshold). Fires too broadly across multiple classes.,1,0,4,0,1,2,12.5,0.0,50.0,0.0,12.5,25.0
Afghan hound,4,glacier,50.0,False,,Rejected — dominant class 'glacier' only at 50.0% (< 65% threshold). Fires too broadly across multiple classes.,0,0,2,0,0,2,0.0,0.0,50.0,0.0,0.0,50.0
English springer,2,glacier,50.0,False,,Rejected — dominant class 'glacier' only at 50.0% (< 65% threshold). Fires too broadly across multiple classes.,0,0,1,0,1,0,0.0,0.0,50.0,0.0,50.0,0.0
dragonfly,2,glacier,50.0,False,,Rejected — dominant class 'glacier' only at 50.0% (< 65% threshold). Fires too broadly across multiple classes.,0,1,1,0,0,0,0.0,50.0,50.0,0.0,0.0,0.0
Saint Bernard,2,glacier,50.0,False,,Rejected — dominant class 'glacier' only at 50.0% (< 65% threshold). Fires too broadly across multiple classes.,0,0,1,0,0,1,0.0,0.0,50.0,0.0,0.0,50.0
dowitcher,4,glacier,50.0,False,,Rejected — dominant class 'glacier' only at 50.0% (< 65% threshold). Fires too broadly across multiple classes.,0,0,2,0,2,0,0.0,0.0,50.0,0.0,50.0,0.0
Bedlington terrier,2,glacier,50.0,False,,Rejected — dominant class 'glacier' only at 50.0% (< 65% threshold). Fires too broadly across multiple classes.,0,0,1,0,0,1,0.0,0.0,50.0,0.0,0.0,50.0
horned viper,4,glacier,50.0,False,,Rejected — dominant class 'glacier' only at 50.0% (< 65% threshold). Fires too broadly across multiple classes.,1,0,2,1,0,0,25.0,0.0,50.0,25.0,0.0,0.0
quail,4,glacier,50.0,False,,Rejected — dominant class 'glacier' only at 50.0% (< 65% threshold). Fires too broadly across multiple classes.,0,2,2,0,0,0,0.0,50.0,50.0,0.0,0.0,0.0
briard,2,glacier,50.0,False,,Rejected — dominant class 'glacier' only at 50.0% (< 65% threshold). Fires too broadly across multiple classes.,0,0,1,0,0,1,0.0,0.0,50.0,0.0,0.0,50.0
rock crab,6,glacier,50.0,False,,Rejected — dominant class 'glacier' only at 50.0% (< 65% threshold). Fires too broadly across multiple classes.,0,0,3,2,1,0,0.0,0.0,50.0,33.33333333333333,16.666666666666664,0.0
rock python,2,glacier,50.0,False,,Rejected — dominant class 'glacier' only at 50.0% (< 65% threshold). Fires too broadly across multiple classes.,0,1,1,0,0,0,0.0,50.0,50.0,0.0,0.0,0.0
pretzel,2,glacier,50.0,False,,Rejected — dominant class 'glacier' only at 50.0% (< 65% threshold). Fires too broadly across multiple classes.,0,0,1,0,0,1,0.0,0.0,50.0,0.0,0.0,50.0
badger,2,glacier,50.0,False,,Rejected — dominant class 'glacier' only at 50.0% (< 65% threshold). Fires too broadly across multiple classes.,0,1,1,0,0,0,0.0,50.0,50.0,0.0,0.0,0.0
computer keyboard,4,glacier,50.0,False,,Rejected — dominant class 'glacier' only at 50.0% (< 65% threshold). Fires too broadly across multiple classes.,1,0,2,0,0,1,25.0,0.0,50.0,0.0,0.0,25.0
puffer,2,glacier,50.0,False,,Rejected — dominant class 'glacier' only at 50.0% (< 65% threshold). Fires too broadly across multiple classes.,0,0,1,1,0,0,0.0,0.0,50.0,50.0,0.0,0.0
ladle,2,glacier,50.0,False,,Rejected — dominant class 'glacier' only at 50.0% (< 65% threshold). Fires too broadly across multiple classes.,0,1,1,0,0,0,0.0,50.0,50.0,0.0,0.0,0.0
whiptail,2,glacier,50.0,False,,Rejected — dominant class 'glacier' only at 50.0% (< 65% threshold). Fires too broadly across multiple classes.,0,0,1,1,0,0,0.0,0.0,50.0,50.0,0.0,0.0
snowplow,187,glacier,49.2,True,glacier,Included in 'glacier' — fires 49.2% of the time in that class (>= 65% threshold),15,35,92,18,3,24,8.02139037433155,18.71657754010695,49.19786096256685,9.62566844919786,1.6042780748663104,12.834224598930483
sturgeon,35,glacier,48.6,False,,Rejected — dominant class 'glacier' only at 48.6% (< 65% threshold). Fires too broadly across multiple classes.,0,0,17,5,12,1,0.0,0.0,48.57142857142857,14.285714285714285,34.285714285714285,2.857142857142857
jellyfish,36,glacier,47.2,False,,Rejected — dominant class 'glacier' only at 47.2% (< 65% threshold). Fires too broadly across multiple classes.,0,0,17,16,3,0,0.0,0.0,47.22222222222222,44.44444444444444,8.333333333333332,0.0
parachute,71,glacier,46.5,False,,Rejected — dominant class 'glacier' only at 46.5% (< 65% threshold). Fires too broadly across multiple classes.,4,5,33,7,13,9,5.633802816901409,7.042253521126761,46.478873239436616,9.859154929577464,18.30985915492958,12.676056338028168
tiger shark,39,glacier,46.2,False,,Rejected — dominant class 'glacier' only at 46.2% (< 65% threshold). Fires too broadly across multiple classes.,0,0,18,5,15,1,0.0,0.0,46.15384615384615,12.82051282051282,38.46153846153847,2.564102564102564
brown bear,11,glacier,45.5,False,,Rejected — dominant class 'glacier' only at 45.5% (< 65% threshold). Fires too broadly across multiple classes.,0,4,5,1,1,0,0.0,36.36363636363637,45.45454545454545,9.090909090909092,9.090909090909092,0.0
electric ray,20,glacier,45.0,False,,Rejected — dominant class 'glacier' only at 45.0% (< 65% threshold). Fires too broadly across multiple classes.,0,1,9,1,9,0,0.0,5.0,45.0,5.0,45.0,0.0
sea lion,86,glacier,44.2,False,,Rejected — dominant class 'glacier' only at 44.2% (< 65% threshold). Fires too broadly across multiple classes.,1,1,38,8,36,2,1.1627906976744187,1.1627906976744187,44.18604651162791,9.30232558139535,41.86046511627907,2.3255813953488373
komondor,23,glacier,43.5,False,,Rejected — dominant class 'glacier' only at 43.5% (< 65% threshold). Fires too broadly across multiple classes.,0,4,10,4,3,2,0.0,17.391304347826086,43.47826086956522,17.391304347826086,13.043478260869565,8.695652173913043
swab,17,glacier,41.2,False,,Rejected — dominant class 'glacier' only at 41.2% (< 65% threshold). Fires too broadly across multiple classes.,3,2,7,3,1,1,17.647058823529413,11.76470588235294,41.17647058823529,17.647058823529413,5.88235294117647,5.88235294117647
gown,42,glacier,40.5,False,,Rejected — dominant class 'glacier' only at 40.5% (< 65% threshold). Fires too broadly across multiple classes.,0,10,17,3,7,5,0.0,23.809523809523807,40.476190476190474,7.142857142857142,16.666666666666664,11.904761904761903
coho,55,glacier,40.0,False,,Rejected — dominant class 'glacier' only at 40.0% (< 65% threshold). Fires too broadly across multiple classes.,0,7,22,10,12,4,0.0,12.727272727272727,40.0,18.181818181818183,21.818181818181817,7.2727272727272725
feather boa,10,glacier,40.0,False,,Rejected — dominant class 'glacier' only at 40.0% (< 65% threshold). Fires too broadly across multiple classes.,0,0,4,4,0,2,0.0,0.0,40.0,40.0,0.0,20.0
breastplate,5,glacier,40.0,False,,Rejected — dominant class 'glacier' only at 40.0% (< 65% threshold). Fires too broadly across multiple classes.,0,2,2,0,0,1,0.0,40.0,40.0,0.0,0.0,20.0
airliner,20,glacier,40.0,False,,Rejected — dominant class 'glacier' only at 40.0% (< 65% threshold). Fires too broadly across multiple classes.,6,0,8,0,0,6,30.0,0.0,40.0,0.0,0.0,30.0
honeycomb,10,glacier,40.0,False,,Rejected — dominant class 'glacier' only at 40.0% (< 65% threshold). Fires too broadly across multiple classes.,1,2,4,1,0,2,10.0,20.0,40.0,10.0,0.0,20.0
gorilla,5,glacier,40.0,False,,Rejected — dominant class 'glacier' only at 40.0% (< 65% threshold). Fires too broadly across multiple classes.,0,2,2,0,0,1,0.0,40.0,40.0,0.0,0.0,20.0
studio couch,10,glacier,40.0,False,,Rejected — dominant class 'glacier' only at 40.0% (< 65% threshold). Fires too broadly across multiple classes.,3,0,4,2,0,1,30.0,0.0,40.0,20.0,0.0,10.0
hen,5,glacier,40.0,False,,Rejected — dominant class 'glacier' only at 40.0% (< 65% threshold). Fires too broadly across multiple classes.,0,1,2,2,0,0,0.0,20.0,40.0,40.0,0.0,0.0
sax,5,glacier,40.0,False,,Rejected — dominant class 'glacier' only at 40.0% (< 65% threshold). Fires too broadly across multiple classes.,0,1,2,0,0,2,0.0,20.0,40.0,0.0,0.0,40.0
water ouzel,13,glacier,38.5,False,,Rejected — dominant class 'glacier' only at 38.5% (< 65% threshold). Fires too broadly across multiple classes.,0,2,5,5,1,0,0.0,15.384615384615385,38.46153846153847,38.46153846153847,7.6923076923076925,0.0
screen,13,glacier,38.5,False,,Rejected — dominant class 'glacier' only at 38.5% (< 65% threshold). Fires too broadly across multiple classes.,2,0,5,4,1,1,15.384615384615385,0.0,38.46153846153847,30.76923076923077,7.6923076923076925,7.6923076923076925
schipperke,8,glacier,37.5,False,,Rejected — dominant class 'glacier' only at 37.5% (< 65% threshold). Fires too broadly across multiple classes.,0,2,3,1,2,0,0.0,25.0,37.5,12.5,25.0,0.0
mosquito net,22,glacier,36.4,False,,Rejected — dominant class 'glacier' only at 36.4% (< 65% threshold). Fires too broadly across multiple classes.,1,3,8,6,1,3,4.545454545454546,13.636363636363635,36.36363636363637,27.27272727272727,4.545454545454546,13.636363636363635
harvester,11,glacier,36.4,False,,Rejected — dominant class 'glacier' only at 36.4% (< 65% threshold). Fires too broadly across multiple classes.,3,3,4,0,0,1,27.27272727272727,27.27272727272727,36.36363636363637,0.0,0.0,9.090909090909092
television,36,glacier,36.1,False,,Rejected — dominant class 'glacier' only at 36.1% (< 65% threshold). Fires too broadly across multiple classes.,3,4,13,8,4,4,8.333333333333332,11.11111111111111,36.11111111111111,22.22222222222222,11.11111111111111,11.11111111111111
West Highland white terrier,14,glacier,35.7,False,,Rejected — dominant class 'glacier' only at 35.7% (< 65% threshold). Fires too broadly across multiple classes.,0,1,5,0,5,3,0.0,7.142857142857142,35.714285714285715,0.0,35.714285714285715,21.428571428571427
hoopskirt,31,glacier,35.5,False,,Rejected — dominant class 'glacier' only at 35.5% (< 65% threshold). Fires too broadly across multiple classes.,0,5,11,1,6,8,0.0,16.129032258064516,35.483870967741936,3.225806451612903,19.35483870967742,25.806451612903224
wing,97,glacier,34.0,False,,Rejected — dominant class 'glacier' only at 34.0% (< 65% threshold). Fires too broadly across multiple classes.,7,7,33,13,8,29,7.216494845360824,7.216494845360824,34.02061855670103,13.402061855670103,8.24742268041237,29.896907216494846
pug,3,glacier,33.3,False,,Rejected — dominant class 'glacier' only at 33.3% (< 65% threshold). Fires too broadly across multiple classes.,0,0,1,0,1,1,0.0,0.0,33.33333333333333,0.0,33.33333333333333,33.33333333333333
eel,3,glacier,33.3,False,,Rejected — dominant class 'glacier' only at 33.3% (< 65% threshold). Fires too broadly across multiple classes.,0,0,1,1,1,0,0.0,0.0,33.33333333333333,33.33333333333333,33.33333333333333,0.0
Italian greyhound,3,glacier,33.3,False,,Rejected — dominant class 'glacier' only at 33.3% (< 65% threshold). Fires too broadly across multiple classes.,0,0,1,0,1,1,0.0,0.0,33.33333333333333,0.0,33.33333333333333,33.33333333333333
mink,13,glacier,30.8,False,,Rejected — dominant class 'glacier' only at 30.8% (< 65% threshold). Fires too broadly across multiple classes.,1,1,4,4,3,0,7.6923076923076925,7.6923076923076925,30.76923076923077,30.76923076923077,23.076923076923077,0.0
tripod,27,glacier,29.6,False,,Rejected — dominant class 'glacier' only at 29.6% (< 65% threshold). Fires too broadly across multiple classes.,1,4,8,6,4,4,3.7037037037037033,14.814814814814813,29.629629629629626,22.22222222222222,14.814814814814813,14.814814814814813
acorn squash,1,mountain,100.0,False,,Eligible for 'mountain' at 100.0% but not included — either not semantically coherent or better represented by other labels already in the map,0,0,0,1,0,0,0.0,0.0,0.0,100.0,0.0,0.0
goldfish,7,mountain,100.0,False,,Eligible for 'mountain' at 100.0% but not included — either not semantically coherent or better represented by other labels already in the map,0,0,0,7,0,0,0.0,0.0,0.0,100.0,0.0,0.0
cauliflower,1,mountain,100.0,False,,Eligible for 'mountain' at 100.0% but not included — either not semantically coherent or better represented by other labels already in the map,0,0,0,1,0,0,0.0,0.0,0.0,100.0,0.0,0.0
Persian cat,1,mountain,100.0,False,,Eligible for 'mountain' at 100.0% but not included — either not semantically coherent or better represented by other labels already in the map,0,0,0,1,0,0,0.0,0.0,0.0,100.0,0.0,0.0
cocker spaniel,1,mountain,100.0,False,,Eligible for 'mountain' at 100.0% but not included — either not semantically coherent or better represented by other labels already in the map,0,0,0,1,0,0,0.0,0.0,0.0,100.0,0.0,0.0
cicada,1,mountain,100.0,False,,Eligible for 'mountain' at 100.0% but not included — either not semantically coherent or better represented by other labels already in the map,0,0,0,1,0,0,0.0,0.0,0.0,100.0,0.0,0.0
chest,1,mountain,100.0,False,,Eligible for 'mountain' at 100.0% but not included — either not semantically coherent or better represented by other labels already in the map,0,0,0,1,0,0,0.0,0.0,0.0,100.0,0.0,0.0
Gila monster,4,mountain,100.0,False,,Eligible for 'mountain' at 100.0% but not included — either not semantically coherent or better represented by other labels already in the map,0,0,0,4,0,0,0.0,0.0,0.0,100.0,0.0,0.0
chocolate sauce,2,mountain,100.0,False,,Eligible for 'mountain' at 100.0% but not included — either not semantically coherent or better represented by other labels already in the map,0,0,0,2,0,0,0.0,0.0,0.0,100.0,0.0,0.0
king crab,1,mountain,100.0,False,,Eligible for 'mountain' at 100.0% but not included — either not semantically coherent or better represented by other labels already in the map,0,0,0,1,0,0,0.0,0.0,0.0,100.0,0.0,0.0
Dutch oven,4,mountain,100.0,False,,Eligible for 'mountain' at 100.0% but not included — either not semantically coherent or better represented by other labels already in the map,0,0,0,4,0,0,0.0,0.0,0.0,100.0,0.0,0.0
burrito,2,mountain,100.0,False,,Eligible for 'mountain' at 100.0% but not included — either not semantically coherent or better represented by other labels already in the map,0,0,0,2,0,0,0.0,0.0,0.0,100.0,0.0,0.0
macaque,1,mountain,100.0,False,,Eligible for 'mountain' at 100.0% but not included — either not semantically coherent or better represented by other labels already in the map,0,0,0,1,0,0,0.0,0.0,0.0,100.0,0.0,0.0
red wine,1,mountain,100.0,False,,Eligible for 'mountain' at 100.0% but not included — either not semantically coherent or better represented by other labels already in the map,0,0,0,1,0,0,0.0,0.0,0.0,100.0,0.0,0.0
Brittany spaniel,1,mountain,100.0,False,,Eligible for 'mountain' at 100.0% but not included — either not semantically coherent or better represented by other labels already in the map,0,0,0,1,0,0,0.0,0.0,0.0,100.0,0.0,0.0
common iguana,1,mountain,100.0,False,,Eligible for 'mountain' at 100.0% but not included — either not semantically coherent or better represented by other labels already in the map,0,0,0,1,0,0,0.0,0.0,0.0,100.0,0.0,0.0
lion,1,mountain,100.0,False,,Eligible for 'mountain' at 100.0% but not included — either not semantically coherent or better represented by other labels already in the map,0,0,0,1,0,0,0.0,0.0,0.0,100.0,0.0,0.0
diamondback,1,mountain,100.0,False,,Eligible for 'mountain' at 100.0% but not included — either not semantically coherent or better represented by other labels already in the map,0,0,0,1,0,0,0.0,0.0,0.0,100.0,0.0,0.0
meat loaf,1,mountain,100.0,False,,Eligible for 'mountain' at 100.0% but not included — either not semantically coherent or better represented by other labels already in the map,0,0,0,1,0,0,0.0,0.0,0.0,100.0,0.0,0.0
matchstick,25,mountain,96.0,False,,Eligible for 'mountain' at 96.0% but not included — either not semantically coherent or better represented by other labels already in the map,0,0,1,24,0,0,0.0,0.0,4.0,96.0,0.0,0.0
stove,22,mountain,90.9,False,,Eligible for 'mountain' at 90.9% but not included — either not semantically coherent or better represented by other labels already in the map,0,0,0,20,0,2,0.0,0.0,0.0,90.9090909090909,0.0,9.090909090909092
jack-o'-lantern,10,mountain,90.0,False,,Eligible for 'mountain' at 90.0% but not included — either not semantically coherent or better represented by other labels already in the map,0,0,0,9,0,1,0.0,0.0,0.0,90.0,0.0,10.0
lighter,6,mountain,83.3,False,,Eligible for 'mountain' at 83.3% but not included — either not semantically coherent or better represented by other labels already in the map,1,0,0,5,0,0,16.666666666666664,0.0,0.0,83.33333333333334,0.0,0.0
tarantula,5,mountain,80.0,False,,Eligible for 'mountain' at 80.0% but not included — either not semantically coherent or better represented by other labels already in the map,0,0,1,4,0,0,0.0,0.0,20.0,80.0,0.0,0.0
cliff dwelling,193,mountain,77.2,True,mountain,Included in 'mountain' — fires 77.2% of the time in that class (>= 65% threshold),1,7,26,149,1,9,0.5181347150259068,3.6269430051813467,13.471502590673575,77.2020725388601,0.5181347150259068,4.66321243523316
caldron,20,mountain,70.0,False,,Eligible for 'mountain' at 70.0% but not included — either not semantically coherent or better represented by other labels already in the map,0,2,2,14,0,2,0.0,10.0,10.0,70.0,0.0,10.0
wig,6,mountain,66.7,False,,Eligible for 'mountain' at 66.7% but not included — either not semantically coherent or better represented by other labels already in the map,0,1,0,4,1,0,0.0,16.666666666666664,0.0,66.66666666666666,16.666666666666664,0.0
Christmas stocking,3,mountain,66.7,False,,Eligible for 'mountain' at 66.7% but not included — either not semantically coherent or better represented by other labels already in the map,0,1,0,2,0,0,0.0,33.33333333333333,0.0,66.66666666666666,0.0,0.0
meerkat,6,mountain,66.7,False,,Eligible for 'mountain' at 66.7% but not included — either not semantically coherent or better represented by other labels already in the map,0,1,1,4,0,0,0.0,16.666666666666664,16.666666666666664,66.66666666666666,0.0,0.0
bighorn,68,mountain,63.2,False,,Rejected — dominant class 'mountain' only at 63.2% (< 65% threshold). Fires too broadly across multiple classes.,0,13,12,43,0,0,0.0,19.11764705882353,17.647058823529413,63.23529411764706,0.0,0.0
nematode,5,mountain,60.0,False,,Rejected — dominant class 'mountain' only at 60.0% (< 65% threshold). Fires too broadly across multiple classes.,0,0,1,3,1,0,0.0,0.0,20.0,60.0,20.0,0.0
Arabian camel,45,mountain,57.8,False,,Rejected — dominant class 'mountain' only at 57.8% (< 65% threshold). Fires too broadly across multiple classes.,0,3,3,26,10,3,0.0,6.666666666666667,6.666666666666667,57.77777777777777,22.22222222222222,6.666666666666667
velvet,14,mountain,57.1,False,,Rejected — dominant class 'mountain' only at 57.1% (< 65% threshold). Fires too broadly across multiple classes.,0,2,4,8,0,0,0.0,14.285714285714285,28.57142857142857,57.14285714285714,0.0,0.0
ibex,106,mountain,56.6,False,,Rejected — dominant class 'mountain' only at 56.6% (< 65% threshold). Fires too broadly across multiple classes.,1,11,32,60,2,0,0.9433962264150944,10.377358490566039,30.18867924528302,56.60377358490566,1.8867924528301887,0.0
volcano,1143,mountain,55.1,True,mountain,Included in 'mountain' — fires 55.1% of the time in that class (>= 65% threshold),5,69,313,630,107,19,0.4374453193350831,6.036745406824147,27.384076990376204,55.118110236220474,9.361329833770778,1.6622922134733158
ram,11,mountain,54.5,False,,Rejected — dominant class 'mountain' only at 54.5% (< 65% threshold). Fires too broadly across multiple classes.,0,1,4,6,0,0,0.0,9.090909090909092,36.36363636363637,54.54545454545454,0.0,0.0
missile,85,mountain,50.6,False,,Rejected — dominant class 'mountain' only at 50.6% (< 65% threshold). Fires too broadly across multiple classes.,12,5,10,43,6,9,14.117647058823529,5.88235294117647,11.76470588235294,50.588235294117645,7.0588235294117645,10.588235294117647
projectile,60,mountain,50.0,False,,Rejected — dominant class 'mountain' only at 50.0% (< 65% threshold). Fires too broadly across multiple classes.,9,6,8,30,4,3,15.0,10.0,13.333333333333334,50.0,6.666666666666667,5.0
toilet seat,4,mountain,50.0,False,,Rejected — dominant class 'mountain' only at 50.0% (< 65% threshold). Fires too broadly across multiple classes.,1,0,1,2,0,0,25.0,0.0,25.0,50.0,0.0,0.0
baboon,6,mountain,50.0,False,,Rejected — dominant class 'mountain' only at 50.0% (< 65% threshold). Fires too broadly across multiple classes.,0,1,2,3,0,0,0.0,16.666666666666664,33.33333333333333,50.0,0.0,0.0
gyromitra,6,mountain,50.0,False,,Rejected — dominant class 'mountain' only at 50.0% (< 65% threshold). Fires too broadly across multiple classes.,0,2,1,3,0,0,0.0,33.33333333333333,16.666666666666664,50.0,0.0,0.0
electric guitar,2,mountain,50.0,False,,Rejected — dominant class 'mountain' only at 50.0% (< 65% threshold). Fires too broadly across multiple classes.,1,0,0,1,0,0,50.0,0.0,0.0,50.0,0.0,0.0
digital clock,2,mountain,50.0,False,,Rejected — dominant class 'mountain' only at 50.0% (< 65% threshold). Fires too broadly across multiple classes.,0,0,0,1,0,1,0.0,0.0,0.0,50.0,0.0,50.0
platypus,2,mountain,50.0,False,,Rejected — dominant class 'mountain' only at 50.0% (< 65% threshold). Fires too broadly across multiple classes.,0,1,0,1,0,0,0.0,50.0,0.0,50.0,0.0,0.0
fire screen,29,mountain,48.3,False,,Rejected — dominant class 'mountain' only at 48.3% (< 65% threshold). Fires too broadly across multiple classes.,4,1,3,14,0,7,13.793103448275861,3.4482758620689653,10.344827586206897,48.275862068965516,0.0,24.137931034482758
torch,71,mountain,47.9,False,,Rejected — dominant class 'mountain' only at 47.9% (< 65% threshold). Fires too broadly across multiple classes.,4,3,0,34,3,27,5.633802816901409,4.225352112676056,0.0,47.88732394366197,4.225352112676056,38.028169014084504
quill,19,mountain,47.4,False,,Rejected — dominant class 'mountain' only at 47.4% (< 65% threshold). Fires too broadly across multiple classes.,1,4,5,9,0,0,5.263157894736842,21.052631578947366,26.31578947368421,47.368421052631575,0.0,0.0
alp,2165,mountain,45.5,True,mountain,Included in 'mountain' — fires 45.5% of the time in that class (>= 65% threshold),30,253,797,984,42,59,1.3856812933025404,11.685912240184757,36.81293302540416,45.45034642032332,1.9399538106235565,2.725173210161663
steam locomotive,77,mountain,45.5,False,,Rejected — dominant class 'mountain' only at 45.5% (< 65% threshold). Fires too broadly across multiple classes.,4,4,1,35,3,30,5.194805194805195,5.194805194805195,1.2987012987012987,45.45454545454545,3.896103896103896,38.961038961038966
marmot,22,mountain,45.5,False,,Rejected — dominant class 'mountain' only at 45.5% (< 65% threshold). Fires too broadly across multiple classes.,0,2,9,10,1,0,0.0,9.090909090909092,40.909090909090914,45.45454545454545,4.545454545454546,0.0
mountain tent,733,mountain,45.2,True,mountain,Included in 'mountain' — fires 45.2% of the time in that class (>= 65% threshold),0,167,205,331,7,23,0.0,22.78308321964529,27.967257844474762,45.1568894952251,0.9549795361527967,3.1377899045020468
space shuttle,62,mountain,45.2,False,,Rejected — dominant class 'mountain' only at 45.2% (< 65% threshold). Fires too broadly across multiple classes.,13,2,4,28,7,8,20.967741935483872,3.225806451612903,6.451612903225806,45.16129032258064,11.29032258064516,12.903225806451612
geyser,503,mountain,44.9,True,mountain,Included in 'mountain' — fires 44.9% of the time in that class (>= 65% threshold),3,83,98,226,83,10,0.5964214711729622,16.50099403578529,19.4831013916501,44.93041749502982,16.50099403578529,1.9880715705765408
stole,14,mountain,42.9,False,,Rejected — dominant class 'mountain' only at 42.9% (< 65% threshold). Fires too broadly across multiple classes.,1,2,1,6,1,3,7.142857142857142,14.285714285714285,7.142857142857142,42.857142857142854,7.142857142857142,21.428571428571427
cougar,14,mountain,42.9,False,,Rejected — dominant class 'mountain' only at 42.9% (< 65% threshold). Fires too broadly across multiple classes.,0,1,5,6,1,1,0.0,7.142857142857142,35.714285714285715,42.857142857142854,7.142857142857142,7.142857142857142
cliff,1763,mountain,42.5,True,mountain,Included in 'mountain' — fires 42.5% of the time in that class (>= 65% threshold),5,246,415,749,316,32,0.28360748723766305,13.953488372093023,23.539421440726034,42.48440158820193,17.92399319342031,1.8150879183210438
EntleBucher,12,mountain,41.7,False,,Rejected — dominant class 'mountain' only at 41.7% (< 65% threshold). Fires too broadly across multiple classes.,0,2,3,5,2,0,0.0,16.666666666666664,25.0,41.66666666666667,16.666666666666664,0.0
valley,2431,mountain,41.0,True,mountain,Included in 'mountain' — fires 41.0% of the time in that class (>= 65% threshold),11,641,581,996,137,65,0.4524886877828055,26.367749897161662,23.899629781982725,40.97079391197038,5.635540929658577,2.6737967914438503
candle,13,mountain,38.5,False,,Rejected — dominant class 'mountain' only at 38.5% (< 65% threshold). Fires too broadly across multiple classes.,4,0,1,5,0,3,30.76923076923077,0.0,7.6923076923076925,38.46153846153847,0.0,23.076923076923077
llama,8,mountain,37.5,False,,Rejected — dominant class 'mountain' only at 37.5% (< 65% threshold). Fires too broadly across multiple classes.,0,1,1,3,1,2,0.0,12.5,12.5,37.5,12.5,25.0
barn spider,8,mountain,37.5,False,,Rejected — dominant class 'mountain' only at 37.5% (< 65% threshold). Fires too broadly across multiple classes.,0,1,2,3,1,1,0.0,12.5,25.0,37.5,12.5,12.5
brass,3,mountain,33.3,False,,Rejected — dominant class 'mountain' only at 33.3% (< 65% threshold). Fires too broadly across multiple classes.,1,1,0,1,0,0,33.33333333333333,33.33333333333333,0.0,33.33333333333333,0.0,0.0
stupa,42,mountain,31.0,False,,Rejected — dominant class 'mountain' only at 31.0% (< 65% threshold). Fires too broadly across multiple classes.,12,6,1,13,3,7,28.57142857142857,14.285714285714285,2.380952380952381,30.952380952380953,7.142857142857142,16.666666666666664
scorpion,4,mountain,25.0,False,,Rejected — dominant class 'mountain' only at 25.0% (< 65% threshold). Fires too broadly across multiple classes.,0,0,1,1,1,1,0.0,0.0,25.0,25.0,25.0,25.0
Doberman,4,mountain,25.0,False,,Rejected — dominant class 'mountain' only at 25.0% (< 65% threshold). Fires too broadly across multiple classes.,0,1,0,1,1,1,0.0,25.0,0.0,25.0,25.0,25.0
dam,490,mountain,23.3,False,,Rejected — dominant class 'mountain' only at 23.3% (< 65% threshold). Fires too broadly across multiple classes.,40,82,106,114,81,67,8.16326530612245,16.73469387755102,21.63265306122449,23.26530612244898,16.53061224489796,13.673469387755102
iron,1,sea,100.0,False,,Eligible for 'sea' at 100.0% but not included — either not semantically coherent or better represented by other labels already in the map,0,0,0,0,1,0,0.0,0.0,0.0,0.0,100.0,0.0
Tibetan terrier,1,sea,100.0,False,,Eligible for 'sea' at 100.0% but not included — either not semantically coherent or better represented by other labels already in the map,0,0,0,0,1,0,0.0,0.0,0.0,0.0,100.0,0.0
Norfolk terrier,1,sea,100.0,False,,Eligible for 'sea' at 100.0% but not included — either not semantically coherent or better represented by other labels already in the map,0,0,0,0,1,0,0.0,0.0,0.0,0.0,100.0,0.0
Lhasa,1,sea,100.0,False,,Eligible for 'sea' at 100.0% but not included — either not semantically coherent or better represented by other labels already in the map,0,0,0,0,1,0,0.0,0.0,0.0,0.0,100.0,0.0
miniature schnauzer,1,sea,100.0,False,,Eligible for 'sea' at 100.0% but not included — either not semantically coherent or better represented by other labels already in the map,0,0,0,0,1,0,0.0,0.0,0.0,0.0,100.0,0.0
banded gecko,1,sea,100.0,False,,Eligible for 'sea' at 100.0% but not included — either not semantically coherent or better represented by other labels already in the map,0,0,0,0,1,0,0.0,0.0,0.0,0.0,100.0,0.0
American Staffordshire terrier,1,sea,100.0,False,,Eligible for 'sea' at 100.0% but not included — either not semantically coherent or better represented by other labels already in the map,0,0,0,0,1,0,0.0,0.0,0.0,0.0,100.0,0.0
fiddler crab,1,sea,100.0,False,,Eligible for 'sea' at 100.0% but not included — either not semantically coherent or better represented by other labels already in the map,0,0,0,0,1,0,0.0,0.0,0.0,0.0,100.0,0.0
ping-pong ball,1,sea,100.0,False,,Eligible for 'sea' at 100.0% but not included — either not semantically coherent or better represented by other labels already in the map,0,0,0,0,1,0,0.0,0.0,0.0,0.0,100.0,0.0
maraca,1,sea,100.0,False,,Eligible for 'sea' at 100.0% but not included — either not semantically coherent or better represented by other labels already in the map,0,0,0,0,1,0,0.0,0.0,0.0,0.0,100.0,0.0
night snake,1,sea,100.0,False,,Eligible for 'sea' at 100.0% but not included — either not semantically coherent or better represented by other labels already in the map,0,0,0,0,1,0,0.0,0.0,0.0,0.0,100.0,0.0
snail,1,sea,100.0,False,,Eligible for 'sea' at 100.0% but not included — either not semantically coherent or better represented by other labels already in the map,0,0,0,0,1,0,0.0,0.0,0.0,0.0,100.0,0.0
mixing bowl,1,sea,100.0,False,,Eligible for 'sea' at 100.0% but not included — either not semantically coherent or better represented by other labels already in the map,0,0,0,0,1,0,0.0,0.0,0.0,0.0,100.0,0.0
sea snake,1,sea,100.0,False,,Eligible for 'sea' at 100.0% but not included — either not semantically coherent or better represented by other labels already in the map,0,0,0,0,1,0,0.0,0.0,0.0,0.0,100.0,0.0
Airedale,1,sea,100.0,False,,Eligible for 'sea' at 100.0% but not included — either not semantically coherent or better represented by other labels already in the map,0,0,0,0,1,0,0.0,0.0,0.0,0.0,100.0,0.0
rhinoceros beetle,1,sea,100.0,False,,Eligible for 'sea' at 100.0% but not included — either not semantically coherent or better represented by other labels already in the map,0,0,0,0,1,0,0.0,0.0,0.0,0.0,100.0,0.0
ground beetle,1,sea,100.0,False,,Eligible for 'sea' at 100.0% but not included — either not semantically coherent or better represented by other labels already in the map,0,0,0,0,1,0,0.0,0.0,0.0,0.0,100.0,0.0
spindle,1,sea,100.0,False,,Eligible for 'sea' at 100.0% but not included — either not semantically coherent or better represented by other labels already in the map,0,0,0,0,1,0,0.0,0.0,0.0,0.0,100.0,0.0
Norwich terrier,1,sea,100.0,False,,Eligible for 'sea' at 100.0% but not included — either not semantically coherent or better represented by other labels already in the map,0,0,0,0,1,0,0.0,0.0,0.0,0.0,100.0,0.0
snorkel,56,sea,85.7,False,,Eligible for 'sea' at 85.7% but not included — either not semantically coherent or better represented by other labels already in the map,0,3,2,3,48,0,0.0,5.357142857142857,3.571428571428571,5.357142857142857,85.71428571428571,0.0
pirate,59,sea,84.7,False,,Eligible for 'sea' at 84.7% but not included — either not semantically coherent or better represented by other labels already in the map,0,1,5,0,50,3,0.0,1.694915254237288,8.47457627118644,0.0,84.7457627118644,5.084745762711865
redbone,6,sea,83.3,False,,Eligible for 'sea' at 83.3% but not included — either not semantically coherent or better represented by other labels already in the map,0,1,0,0,5,0,0.0,16.666666666666664,0.0,0.0,83.33333333333334,0.0
swimming trunks,95,sea,83.2,False,,Eligible for 'sea' at 83.2% but not included — either not semantically coherent or better represented by other labels already in the map,1,5,4,1,79,5,1.0526315789473684,5.263157894736842,4.2105263157894735,1.0526315789473684,83.15789473684211,5.263157894736842
bikini,38,sea,81.6,False,,Eligible for 'sea' at 81.6% but not included — either not semantically coherent or better represented by other labels already in the map,0,2,3,0,31,2,0.0,5.263157894736842,7.894736842105263,0.0,81.57894736842105,5.263157894736842
reel,14,sea,78.6,False,,Eligible for 'sea' at 78.6% but not included — either not semantically coherent or better represented by other labels already in the map,0,2,1,0,11,0,0.0,14.285714285714285,7.142857142857142,0.0,78.57142857142857,0.0
dalmatian,9,sea,77.8,False,,Eligible for 'sea' at 77.8% but not included — either not semantically coherent or better represented by other labels already in the map,0,0,0,2,7,0,0.0,0.0,0.0,22.22222222222222,77.77777777777779,0.0
cheetah,4,sea,75.0,False,,Eligible for 'sea' at 75.0% but not included — either not semantically coherent or better represented by other labels already in the map,0,1,0,0,3,0,0.0,25.0,0.0,0.0,75.0,0.0
French bulldog,4,sea,75.0,False,,Eligible for 'sea' at 75.0% but not included — either not semantically coherent or better represented by other labels already in the map,0,0,1,0,3,0,0.0,0.0,25.0,0.0,75.0,0.0
maillot tank suit,46,sea,73.9,False,,Eligible for 'sea' at 73.9% but not included — either not semantically coherent or better represented by other labels already in the map,0,1,5,1,34,5,0.0,2.1739130434782608,10.869565217391305,2.1739130434782608,73.91304347826086,10.869565217391305
catamaran,103,sea,73.8,True,sea,Included in 'sea' — fires 73.8% of the time in that class (>= 65% threshold),8,0,18,0,76,1,7.766990291262135,0.0,17.475728155339805,0.0,73.7864077669903,0.9708737864077669
volleyball,11,sea,72.7,False,,Eligible for 'sea' at 72.7% but not included — either not semantically coherent or better represented by other labels already in the map,0,0,0,1,8,2,0.0,0.0,0.0,9.090909090909092,72.72727272727273,18.181818181818183
speedboat,218,sea,72.0,True,sea,Included in 'sea' — fires 72.0% of the time in that class (>= 65% threshold),2,1,48,6,157,4,0.9174311926605505,0.45871559633027525,22.018348623853214,2.7522935779816518,72.01834862385321,1.834862385321101
maillot,21,sea,71.4,False,,Eligible for 'sea' at 71.4% but not included — either not semantically coherent or better represented by other labels already in the map,0,1,1,1,15,3,0.0,4.761904761904762,4.761904761904762,4.761904761904762,71.42857142857143,14.285714285714285
wreck,208,sea,70.2,False,,Eligible for 'sea' at 70.2% but not included — either not semantically coherent or better represented by other labels already in the map,3,2,37,12,146,8,1.4423076923076923,0.9615384615384616,17.78846153846154,5.769230769230769,70.1923076923077,3.8461538461538463
sandbar,735,sea,69.7,True,sea,Included in 'sea' — fires 69.7% of the time in that class (>= 65% threshold),3,31,106,64,512,19,0.40816326530612246,4.217687074829931,14.421768707482993,8.707482993197278,69.65986394557822,2.585034013605442
paddle,132,sea,68.2,False,,Eligible for 'sea' at 68.2% but not included — either not semantically coherent or better represented by other labels already in the map,0,8,13,17,90,4,0.0,6.0606060606060606,9.848484848484848,12.878787878787879,68.18181818181817,3.0303030303030303
trimaran,100,sea,67.0,False,,Eligible for 'sea' at 67.0% but not included — either not semantically coherent or better represented by other labels already in the map,14,1,15,0,67,3,14.000000000000002,1.0,15.0,0.0,67.0,3.0
lifeboat,91,sea,67.0,False,,Eligible for 'sea' at 67.0% but not included — either not semantically coherent or better represented by other labels already in the map,2,0,24,3,61,1,2.197802197802198,0.0,26.373626373626376,3.296703296703297,67.03296703296702,1.098901098901099
bathing cap,24,sea,66.7,False,,Eligible for 'sea' at 66.7% but not included — either not semantically coherent or better represented by other labels already in the map,0,0,5,1,16,2,0.0,0.0,20.833333333333336,4.166666666666666,66.66666666666666,8.333333333333332
scuba diver,18,sea,66.7,False,,Eligible for 'sea' at 66.7% but not included — either not semantically coherent or better represented by other labels already in the map,0,2,4,0,12,0,0.0,11.11111111111111,22.22222222222222,0.0,66.66666666666666,0.0
hyena,3,sea,66.7,False,,Eligible for 'sea' at 66.7% but not included — either not semantically coherent or better represented by other labels already in the map,0,1,0,0,2,0,0.0,33.33333333333333,0.0,0.0,66.66666666666666,0.0
standard schnauzer,3,sea,66.7,False,,Eligible for 'sea' at 66.7% but not included — either not semantically coherent or better represented by other labels already in the map,0,0,1,0,2,0,0.0,0.0,33.33333333333333,0.0,66.66666666666666,0.0
dining table,6,sea,66.7,False,,Eligible for 'sea' at 66.7% but not included — either not semantically coherent or better represented by other labels already in the map,0,2,0,0,4,0,0.0,33.33333333333333,0.0,0.0,66.66666666666666,0.0
Rottweiler,3,sea,66.7,False,,Eligible for 'sea' at 66.7% but not included — either not semantically coherent or better represented by other labels already in the map,0,1,0,0,2,0,0.0,33.33333333333333,0.0,0.0,66.66666666666666,0.0
mask,3,sea,66.7,False,,Eligible for 'sea' at 66.7% but not included — either not semantically coherent or better represented by other labels already in the map,0,0,0,0,2,1,0.0,0.0,0.0,0.0,66.66666666666666,33.33333333333333
soft-coated wheaten terrier,3,sea,66.7,False,,Eligible for 'sea' at 66.7% but not included — either not semantically coherent or better represented by other labels already in the map,0,0,0,0,2,1,0.0,0.0,0.0,0.0,66.66666666666666,33.33333333333333
yawl,74,sea,66.2,False,,Eligible for 'sea' at 66.2% but not included — either not semantically coherent or better represented by other labels already in the map,3,1,20,1,49,0,4.054054054054054,1.3513513513513513,27.027027027027028,1.3513513513513513,66.21621621621621,0.0
schooner,124,sea,66.1,True,sea,Included in 'sea' — fires 66.1% of the time in that class (>= 65% threshold),11,1,22,4,82,4,8.870967741935484,0.8064516129032258,17.741935483870968,3.225806451612903,66.12903225806451,3.225806451612903
dock,344,sea,62.8,True,sea,Included in 'sea' — fires 62.8% of the time in that class (>= 65% threshold),58,0,22,2,216,46,16.86046511627907,0.0,6.395348837209303,0.5813953488372093,62.7906976744186,13.372093023255813
breakwater,510,sea,60.0,True,sea,Included in 'sea' — fires 60.0% of the time in that class (>= 65% threshold),23,4,128,21,306,28,4.509803921568627,0.7843137254901961,25.098039215686274,4.117647058823529,60.0,5.490196078431373
grey whale,198,sea,58.6,True,sea,Included in 'sea' — fires 58.6% of the time in that class (>= 65% threshold),0,0,76,6,116,0,0.0,0.0,38.38383838383838,3.0303030303030303,58.58585858585859,0.0
otter,19,sea,57.9,False,,Rejected — dominant class 'sea' only at 57.9% (< 65% threshold). Fires too broadly across multiple classes.,0,0,7,1,11,0,0.0,0.0,36.84210526315789,5.263157894736842,57.89473684210527,0.0
amphibian,104,sea,57.7,False,,Rejected — dominant class 'sea' only at 57.7% (< 65% threshold). Fires too broadly across multiple classes.,11,1,19,2,60,11,10.576923076923077,0.9615384615384616,18.269230769230766,1.9230769230769231,57.692307692307686,10.576923076923077
great white shark,80,sea,57.5,False,,Rejected — dominant class 'sea' only at 57.5% (< 65% threshold). Fires too broadly across multiple classes.,0,0,29,4,46,1,0.0,0.0,36.25,5.0,57.49999999999999,1.25
Staffordshire bullterrier,7,sea,57.1,False,,Rejected — dominant class 'sea' only at 57.1% (< 65% threshold). Fires too broadly across multiple classes.,0,2,1,0,4,0,0.0,28.57142857142857,14.285714285714285,0.0,57.14285714285714,0.0
hook,7,sea,57.1,False,,Rejected — dominant class 'sea' only at 57.1% (< 65% threshold). Fires too broadly across multiple classes.,0,0,2,0,4,1,0.0,0.0,28.57142857142857,0.0,57.14285714285714,14.285714285714285
German short-haired pointer,7,sea,57.1,False,,Rejected — dominant class 'sea' only at 57.1% (< 65% threshold). Fires too broadly across multiple classes.,0,3,0,0,4,0,0.0,42.857142857142854,0.0,0.0,57.14285714285714,0.0
Lakeland terrier,9,sea,55.6,False,,Rejected — dominant class 'sea' only at 55.6% (< 65% threshold). Fires too broadly across multiple classes.,0,0,0,1,5,3,0.0,0.0,0.0,11.11111111111111,55.55555555555556,33.33333333333333
seashore,1672,sea,54.8,True,sea,Included in 'sea' — fires 54.8% of the time in that class (>= 65% threshold),80,55,339,186,917,95,4.784688995215311,3.289473684210526,20.27511961722488,11.124401913875598,54.844497607655505,5.681818181818182
killer whale,191,sea,53.4,True,sea,Included in 'sea' — fires 53.4% of the time in that class (>= 65% threshold),0,0,82,6,102,1,0.0,0.0,42.93193717277487,3.1413612565445024,53.403141361256544,0.5235602094240838
aircraft carrier,115,sea,53.0,False,,Rejected — dominant class 'sea' only at 53.0% (< 65% threshold). Fires too broadly across multiple classes.,12,0,21,1,61,20,10.434782608695652,0.0,18.26086956521739,0.8695652173913043,53.04347826086957,17.391304347826086
gar,37,sea,51.4,False,,Rejected — dominant class 'sea' only at 51.4% (< 65% threshold). Fires too broadly across multiple classes.,0,6,7,4,19,1,0.0,16.216216216216218,18.91891891891892,10.81081081081081,51.35135135135135,2.7027027027027026
coral reef,37,sea,51.4,False,,Rejected — dominant class 'sea' only at 51.4% (< 65% threshold). Fires too broadly across multiple classes.,0,11,6,1,19,0,0.0,29.72972972972973,16.216216216216218,2.7027027027027026,51.35135135135135,0.0
submarine,216,sea,50.5,True,sea,Included in 'sea' — fires 50.5% of the time in that class (>= 65% threshold),18,2,58,5,109,24,8.333333333333332,0.9259259259259258,26.851851851851855,2.314814814814815,50.46296296296296,11.11111111111111
hippopotamus,16,sea,50.0,False,,Rejected — dominant class 'sea' only at 50.0% (< 65% threshold). Fires too broadly across multiple classes.,0,2,5,1,8,0,0.0,12.5,31.25,6.25,50.0,0.0
borzoi,14,sea,50.0,False,,Rejected — dominant class 'sea' only at 50.0% (< 65% threshold). Fires too broadly across multiple classes.,0,0,6,1,7,0,0.0,0.0,42.857142857142854,7.142857142857142,50.0,0.0
African crocodile,6,sea,50.0,False,,Rejected — dominant class 'sea' only at 50.0% (< 65% threshold). Fires too broadly across multiple classes.,0,1,1,1,3,0,0.0,16.666666666666664,16.666666666666664,16.666666666666664,50.0,0.0
loggerhead,26,sea,50.0,False,,Rejected — dominant class 'sea' only at 50.0% (< 65% threshold). Fires too broadly across multiple classes.,0,0,8,5,13,0,0.0,0.0,30.76923076923077,19.230769230769234,50.0,0.0
folding chair,10,sea,50.0,False,,Rejected — dominant class 'sea' only at 50.0% (< 65% threshold). Fires too broadly across multiple classes.,2,1,0,0,5,2,20.0,10.0,0.0,0.0,50.0,20.0
plate rack,2,sea,50.0,False,,Rejected — dominant class 'sea' only at 50.0% (< 65% threshold). Fires too broadly across multiple classes.,0,0,1,0,1,0,0.0,0.0,50.0,0.0,50.0,0.0
Rhodesian ridgeback,2,sea,50.0,False,,Rejected — dominant class 'sea' only at 50.0% (< 65% threshold). Fires too broadly across multiple classes.,0,1,0,0,1,0,0.0,50.0,0.0,0.0,50.0,0.0
terrapin,2,sea,50.0,False,,Rejected — dominant class 'sea' only at 50.0% (< 65% threshold). Fires too broadly across multiple classes.,0,0,0,1,1,0,0.0,0.0,0.0,50.0,50.0,0.0
Indian cobra,4,sea,50.0,False,,Rejected — dominant class 'sea' only at 50.0% (< 65% threshold). Fires too broadly across multiple classes.,0,0,0,0,2,2,0.0,0.0,0.0,0.0,50.0,50.0
miniature pinscher,2,sea,50.0,False,,Rejected — dominant class 'sea' only at 50.0% (< 65% threshold). Fires too broadly across multiple classes.,0,0,1,0,1,0,0.0,0.0,50.0,0.0,50.0,0.0
Scotch terrier,2,sea,50.0,False,,Rejected — dominant class 'sea' only at 50.0% (< 65% threshold). Fires too broadly across multiple classes.,0,0,1,0,1,0,0.0,0.0,50.0,0.0,50.0,0.0
drilling platform,197,sea,46.7,True,sea,Included in 'sea' — fires 46.7% of the time in that class (>= 65% threshold),51,1,30,3,92,20,25.888324873096447,0.5076142131979695,15.228426395939088,1.5228426395939088,46.7005076142132,10.152284263959391
liner,143,sea,46.2,False,,Rejected — dominant class 'sea' only at 46.2% (< 65% threshold). Fires too broadly across multiple classes.,47,0,11,2,66,17,32.86713286713287,0.0,7.6923076923076925,1.3986013986013985,46.15384615384615,11.888111888111888
beacon,356,sea,46.1,True,sea,Included in 'sea' — fires 46.1% of the time in that class (>= 65% threshold),99,6,24,41,164,22,27.808988764044944,1.6853932584269662,6.741573033707865,11.51685393258427,46.06741573033708,6.179775280898876
barracouta,18,sea,44.4,False,,Rejected — dominant class 'sea' only at 44.4% (< 65% threshold). Fires too broadly across multiple classes.,0,5,4,0,8,1,0.0,27.77777777777778,22.22222222222222,0.0,44.44444444444444,5.555555555555555
leatherback turtle,80,sea,43.8,False,,Rejected — dominant class 'sea' only at 43.8% (< 65% threshold). Fires too broadly across multiple classes.,0,0,23,21,35,1,0.0,0.0,28.749999999999996,26.25,43.75,1.25
Greater Swiss Mountain dog,7,sea,42.9,False,,Rejected — dominant class 'sea' only at 42.9% (< 65% threshold). Fires too broadly across multiple classes.,0,2,2,0,3,0,0.0,28.57142857142857,28.57142857142857,0.0,42.857142857142854,0.0
kelpie,14,sea,42.9,False,,Rejected — dominant class 'sea' only at 42.9% (< 65% threshold). Fires too broadly across multiple classes.,0,4,1,2,6,1,0.0,28.57142857142857,7.142857142857142,14.285714285714285,42.857142857142854,7.142857142857142
vizsla,7,sea,42.9,False,,Rejected — dominant class 'sea' only at 42.9% (< 65% threshold). Fires too broadly across multiple classes.,0,2,1,0,3,1,0.0,28.57142857142857,14.285714285714285,0.0,42.857142857142854,14.285714285714285
sarong,64,sea,42.2,False,,Rejected — dominant class 'sea' only at 42.2% (< 65% threshold). Fires too broadly across multiple classes.,0,18,7,3,27,9,0.0,28.125,10.9375,4.6875,42.1875,14.0625
canoe,211,sea,40.3,True,sea,Included in 'sea' — fires 40.3% of the time in that class (>= 65% threshold),3,63,27,25,85,8,1.4218009478672986,29.85781990521327,12.796208530805686,11.848341232227488,40.28436018957346,3.7914691943127963
bucket,10,sea,40.0,False,,Rejected — dominant class 'sea' only at 40.0% (< 65% threshold). Fires too broadly across multiple classes.,0,2,1,0,4,3,0.0,20.0,10.0,0.0,40.0,30.0
Old English sheepdog,5,sea,40.0,False,,Rejected — dominant class 'sea' only at 40.0% (< 65% threshold). Fires too broadly across multiple classes.,0,0,0,1,2,2,0.0,0.0,0.0,20.0,40.0,40.0
fireboat,204,sea,39.7,True,sea,Included in 'sea' — fires 39.7% of the time in that class (>= 65% threshold),44,1,62,7,81,9,21.568627450980394,0.49019607843137253,30.392156862745097,3.431372549019608,39.705882352941174,4.411764705882353
container ship,126,sea,39.7,False,,Rejected — dominant class 'sea' only at 39.7% (< 65% threshold). Fires too broadly across multiple classes.,46,0,18,0,50,12,36.507936507936506,0.0,14.285714285714285,0.0,39.682539682539684,9.523809523809524
promontory,1601,sea,38.5,True,glacier,Included in 'glacier' — fires 38.5% of the time in that class (>= 65% threshold),8,41,430,475,617,30,0.49968769519050593,2.5608994378513428,26.858213616489696,29.668956901936287,38.538413491567766,1.8738288569643973
malamute,13,sea,38.5,False,,Rejected — dominant class 'sea' only at 38.5% (< 65% threshold). Fires too broadly across multiple classes.,0,4,3,1,5,0,0.0,30.76923076923077,23.076923076923077,7.6923076923076925,38.46153846153847,0.0
paddlewheel,47,sea,38.3,False,,Rejected — dominant class 'sea' only at 38.3% (< 65% threshold). Fires too broadly across multiple classes.,15,0,8,3,18,3,31.914893617021278,0.0,17.02127659574468,6.382978723404255,38.297872340425535,6.382978723404255
gong,3,sea,33.3,False,,Rejected — dominant class 'sea' only at 33.3% (< 65% threshold). Fires too broadly across multiple classes.,0,1,0,1,1,0,0.0,33.33333333333333,0.0,33.33333333333333,33.33333333333333,0.0
lakeside,2211,sea,31.2,True,sea,Included in 'sea' — fires 31.2% of the time in that class (>= 65% threshold),201,579,306,289,690,146,9.090909090909092,26.187245590230663,13.83989145183175,13.071008593396652,31.20759837177748,6.603346901854365
groom,10,sea,30.0,False,,Rejected — dominant class 'sea' only at 30.0% (< 65% threshold). Fires too broadly across multiple classes.,0,1,2,1,3,3,0.0,10.0,20.0,10.0,30.0,30.0
web site,17,sea,29.4,False,,Rejected — dominant class 'sea' only at 29.4% (< 65% threshold). Fires too broadly across multiple classes.,4,0,5,1,5,2,23.52941176470588,0.0,29.411764705882355,5.88235294117647,29.411764705882355,11.76470588235294
magnetic compass,2,street,100.0,False,,Eligible for 'street' at 100.0% but not included — either not semantically coherent or better represented by other labels already in the map,0,0,0,0,0,2,0.0,0.0,0.0,0.0,0.0,100.0
black widow,1,street,100.0,False,,Eligible for 'street' at 100.0% but not included — either not semantically coherent or better represented by other labels already in the map,0,0,0,0,0,1,0.0,0.0,0.0,0.0,0.0,100.0
crossword puzzle,2,street,100.0,False,,Eligible for 'street' at 100.0% but not included — either not semantically coherent or better represented by other labels already in the map,0,0,0,0,0,2,0.0,0.0,0.0,0.0,0.0,100.0
Loafer,13,street,100.0,False,,Eligible for 'street' at 100.0% but not included — either not semantically coherent or better represented by other labels already in the map,0,0,0,0,0,13,0.0,0.0,0.0,0.0,0.0,100.0
basketball,6,street,100.0,False,,Eligible for 'street' at 100.0% but not included — either not semantically coherent or better represented by other labels already in the map,0,0,0,0,0,6,0.0,0.0,0.0,0.0,0.0,100.0
pajama,3,street,100.0,False,,Eligible for 'street' at 100.0% but not included — either not semantically coherent or better represented by other labels already in the map,0,0,0,0,0,3,0.0,0.0,0.0,0.0,0.0,100.0
ballplayer,3,street,100.0,False,,Eligible for 'street' at 100.0% but not included — either not semantically coherent or better represented by other labels already in the map,0,0,0,0,0,3,0.0,0.0,0.0,0.0,0.0,100.0
upright,1,street,100.0,False,,Eligible for 'street' at 100.0% but not included — either not semantically coherent or better represented by other labels already in the map,0,0,0,0,0,1,0.0,0.0,0.0,0.0,0.0,100.0
muzzle,1,street,100.0,False,,Eligible for 'street' at 100.0% but not included — either not semantically coherent or better represented by other labels already in the map,0,0,0,0,0,1,0.0,0.0,0.0,0.0,0.0,100.0
accordion,10,street,100.0,False,,Eligible for 'street' at 100.0% but not included — either not semantically coherent or better represented by other labels already in the map,0,0,0,0,0,10,0.0,0.0,0.0,0.0,0.0,100.0
barbell,7,street,100.0,False,,Eligible for 'street' at 100.0% but not included — either not semantically coherent or better represented by other labels already in the map,0,0,0,0,0,7,0.0,0.0,0.0,0.0,0.0,100.0
dumbbell,4,street,100.0,False,,Eligible for 'street' at 100.0% but not included — either not semantically coherent or better represented by other labels already in the map,0,0,0,0,0,4,0.0,0.0,0.0,0.0,0.0,100.0
steel drum,5,street,100.0,False,,Eligible for 'street' at 100.0% but not included — either not semantically coherent or better represented by other labels already in the map,0,0,0,0,0,5,0.0,0.0,0.0,0.0,0.0,100.0
drum,4,street,100.0,False,,Eligible for 'street' at 100.0% but not included — either not semantically coherent or better represented by other labels already in the map,0,0,0,0,0,4,0.0,0.0,0.0,0.0,0.0,100.0
beer glass,2,street,100.0,False,,Eligible for 'street' at 100.0% but not included — either not semantically coherent or better represented by other labels already in the map,0,0,0,0,0,2,0.0,0.0,0.0,0.0,0.0,100.0
clog,2,street,100.0,False,,Eligible for 'street' at 100.0% but not included — either not semantically coherent or better represented by other labels already in the map,0,0,0,0,0,2,0.0,0.0,0.0,0.0,0.0,100.0
banjo,4,street,100.0,False,,Eligible for 'street' at 100.0% but not included — either not semantically coherent or better represented by other labels already in the map,0,0,0,0,0,4,0.0,0.0,0.0,0.0,0.0,100.0
bow tie,5,street,100.0,False,,Eligible for 'street' at 100.0% but not included — either not semantically coherent or better represented by other labels already in the map,0,0,0,0,0,5,0.0,0.0,0.0,0.0,0.0,100.0
sunscreen,1,street,100.0,False,,Eligible for 'street' at 100.0% but not included — either not semantically coherent or better represented by other labels already in the map,0,0,0,0,0,1,0.0,0.0,0.0,0.0,0.0,100.0
safe,2,street,100.0,False,,Eligible for 'street' at 100.0% but not included — either not semantically coherent or better represented by other labels already in the map,0,0,0,0,0,2,0.0,0.0,0.0,0.0,0.0,100.0
chiffonier,2,street,100.0,False,,Eligible for 'street' at 100.0% but not included — either not semantically coherent or better represented by other labels already in the map,0,0,0,0,0,2,0.0,0.0,0.0,0.0,0.0,100.0
revolver,1,street,100.0,False,,Eligible for 'street' at 100.0% but not included — either not semantically coherent or better represented by other labels already in the map,0,0,0,0,0,1,0.0,0.0,0.0,0.0,0.0,100.0
sandal,1,street,100.0,False,,Eligible for 'street' at 100.0% but not included — either not semantically coherent or better represented by other labels already in the map,0,0,0,0,0,1,0.0,0.0,0.0,0.0,0.0,100.0
chow,1,street,100.0,False,,Eligible for 'street' at 100.0% but not included — either not semantically coherent or better represented by other labels already in the map,0,0,0,0,0,1,0.0,0.0,0.0,0.0,0.0,100.0
agama,1,street,100.0,False,,Eligible for 'street' at 100.0% but not included — either not semantically coherent or better represented by other labels already in the map,0,0,0,0,0,1,0.0,0.0,0.0,0.0,0.0,100.0
drumstick,1,street,100.0,False,,Eligible for 'street' at 100.0% but not included — either not semantically coherent or better represented by other labels already in the map,0,0,0,0,0,1,0.0,0.0,0.0,0.0,0.0,100.0
stethoscope,1,street,100.0,False,,Eligible for 'street' at 100.0% but not included — either not semantically coherent or better represented by other labels already in the map,0,0,0,0,0,1,0.0,0.0,0.0,0.0,0.0,100.0
china cabinet,2,street,100.0,False,,Eligible for 'street' at 100.0% but not included — either not semantically coherent or better represented by other labels already in the map,0,0,0,0,0,2,0.0,0.0,0.0,0.0,0.0,100.0
violin,1,street,100.0,False,,Eligible for 'street' at 100.0% but not included — either not semantically coherent or better represented by other labels already in the map,0,0,0,0,0,1,0.0,0.0,0.0,0.0,0.0,100.0
Band Aid,1,street,100.0,False,,Eligible for 'street' at 100.0% but not included — either not semantically coherent or better represented by other labels already in the map,0,0,0,0,0,1,0.0,0.0,0.0,0.0,0.0,100.0
mailbag,1,street,100.0,False,,Eligible for 'street' at 100.0% but not included — either not semantically coherent or better represented by other labels already in the map,0,0,0,0,0,1,0.0,0.0,0.0,0.0,0.0,100.0
cello,1,street,100.0,False,,Eligible for 'street' at 100.0% but not included — either not semantically coherent or better represented by other labels already in the map,0,0,0,0,0,1,0.0,0.0,0.0,0.0,0.0,100.0
cellular telephone,3,street,100.0,False,,Eligible for 'street' at 100.0% but not included — either not semantically coherent or better represented by other labels already in the map,0,0,0,0,0,3,0.0,0.0,0.0,0.0,0.0,100.0
plane,1,street,100.0,False,,Eligible for 'street' at 100.0% but not included — either not semantically coherent or better represented by other labels already in the map,0,0,0,0,0,1,0.0,0.0,0.0,0.0,0.0,100.0
hair spray,1,street,100.0,False,,Eligible for 'street' at 100.0% but not included — either not semantically coherent or better represented by other labels already in the map,0,0,0,0,0,1,0.0,0.0,0.0,0.0,0.0,100.0
parking meter,33,street,93.9,False,,Eligible for 'street' at 93.9% but not included — either not semantically coherent or better represented by other labels already in the map,0,0,2,0,0,31,0.0,0.0,6.0606060606060606,0.0,0.0,93.93939393939394
barber chair,13,street,92.3,False,,Eligible for 'street' at 92.3% but not included — either not semantically coherent or better represented by other labels already in the map,1,0,0,0,0,12,7.6923076923076925,0.0,0.0,0.0,0.0,92.3076923076923
jinrikisha,180,street,91.1,True,street,Included in 'street' — fires 91.1% of the time in that class (>= 65% threshold),11,3,1,1,0,164,6.111111111111111,1.6666666666666667,0.5555555555555556,0.5555555555555556,0.0,91.11111111111111
throne,11,street,90.9,False,,Eligible for 'street' at 90.9% but not included — either not semantically coherent or better represented by other labels already in the map,1,0,0,0,0,10,9.090909090909092,0.0,0.0,0.0,0.0,90.9090909090909
bearskin,40,street,90.0,False,,Eligible for 'street' at 90.0% but not included — either not semantically coherent or better represented by other labels already in the map,1,0,0,3,0,36,2.5,0.0,0.0,7.5,0.0,90.0
soccer ball,10,street,90.0,False,,Eligible for 'street' at 90.0% but not included — either not semantically coherent or better represented by other labels already in the map,0,0,1,0,0,9,0.0,0.0,10.0,0.0,0.0,90.0
military uniform,19,street,89.5,False,,Eligible for 'street' at 89.5% but not included — either not semantically coherent or better represented by other labels already in the map,0,0,1,0,1,17,0.0,0.0,5.263157894736842,0.0,5.263157894736842,89.47368421052632
rugby ball,9,street,88.9,False,,Eligible for 'street' at 88.9% but not included — either not semantically coherent or better represented by other labels already in the map,0,1,0,0,0,8,0.0,11.11111111111111,0.0,0.0,0.0,88.88888888888889
doormat,18,street,88.9,False,,Eligible for 'street' at 88.9% but not included — either not semantically coherent or better represented by other labels already in the map,2,0,0,0,0,16,11.11111111111111,0.0,0.0,0.0,0.0,88.88888888888889
toyshop,25,street,88.0,False,,Eligible for 'street' at 88.0% but not included — either not semantically coherent or better represented by other labels already in the map,2,0,0,1,0,22,8.0,0.0,0.0,4.0,0.0,88.0
sombrero,8,street,87.5,False,,Eligible for 'street' at 87.5% but not included — either not semantically coherent or better represented by other labels already in the map,0,0,1,0,0,7,0.0,0.0,12.5,0.0,0.0,87.5
crutch,88,street,86.4,False,,Eligible for 'street' at 86.4% but not included — either not semantically coherent or better represented by other labels already in the map,1,6,0,4,1,76,1.1363636363636365,6.8181818181818175,0.0,4.545454545454546,1.1363636363636365,86.36363636363636
comic book,22,street,86.4,False,,Eligible for 'street' at 86.4% but not included — either not semantically coherent or better represented by other labels already in the map,2,0,0,0,1,19,9.090909090909092,0.0,0.0,0.0,4.545454545454546,86.36363636363636
shoe shop,7,street,85.7,False,,Eligible for 'street' at 85.7% but not included — either not semantically coherent or better represented by other labels already in the map,1,0,0,0,0,6,14.285714285714285,0.0,0.0,0.0,0.0,85.71428571428571
trombone,7,street,85.7,False,,Eligible for 'street' at 85.7% but not included — either not semantically coherent or better represented by other labels already in the map,0,1,0,0,0,6,0.0,14.285714285714285,0.0,0.0,0.0,85.71428571428571
miniskirt,37,street,83.8,False,,Eligible for 'street' at 83.8% but not included — either not semantically coherent or better represented by other labels already in the map,0,6,0,0,0,31,0.0,16.216216216216218,0.0,0.0,0.0,83.78378378378379
pay-phone,12,street,83.3,False,,Eligible for 'street' at 83.3% but not included — either not semantically coherent or better represented by other labels already in the map,0,2,0,0,0,10,0.0,16.666666666666664,0.0,0.0,0.0,83.33333333333334
bullet train,52,street,82.7,False,,Eligible for 'street' at 82.7% but not included — either not semantically coherent or better represented by other labels already in the map,8,0,0,0,1,43,15.384615384615385,0.0,0.0,0.0,1.9230769230769231,82.6923076923077
plunger,10,street,80.0,False,,Eligible for 'street' at 80.0% but not included — either not semantically coherent or better represented by other labels already in the map,0,2,0,0,0,8,0.0,20.0,0.0,0.0,0.0,80.0
pickelhaube,5,street,80.0,False,,Eligible for 'street' at 80.0% but not included — either not semantically coherent or better represented by other labels already in the map,0,0,1,0,0,4,0.0,0.0,20.0,0.0,0.0,80.0
rotisserie,5,street,80.0,False,,Eligible for 'street' at 80.0% but not included — either not semantically coherent or better represented by other labels already in the map,0,0,0,1,0,4,0.0,0.0,0.0,20.0,0.0,80.0
cash machine,5,street,80.0,False,,Eligible for 'street' at 80.0% but not included — either not semantically coherent or better represented by other labels already in the map,0,1,0,0,0,4,0.0,20.0,0.0,0.0,0.0,80.0
car wheel,18,street,77.8,False,,Eligible for 'street' at 77.8% but not included — either not semantically coherent or better represented by other labels already in the map,1,0,0,0,3,14,5.555555555555555,0.0,0.0,0.0,16.666666666666664,77.77777777777779
racer,53,street,77.4,False,,Eligible for 'street' at 77.4% but not included — either not semantically coherent or better represented by other labels already in the map,3,3,1,2,3,41,5.660377358490567,5.660377358490567,1.8867924528301887,3.7735849056603774,5.660377358490567,77.35849056603774
sports car,35,street,77.1,False,,Eligible for 'street' at 77.1% but not included — either not semantically coherent or better represented by other labels already in the map,4,0,0,1,3,27,11.428571428571429,0.0,0.0,2.857142857142857,8.571428571428571,77.14285714285715
tricycle,62,street,75.8,False,,Eligible for 'street' at 75.8% but not included — either not semantically coherent or better represented by other labels already in the map,0,10,2,2,1,47,0.0,16.129032258064516,3.225806451612903,3.225806451612903,1.6129032258064515,75.80645161290323
racket,4,street,75.0,False,,Eligible for 'street' at 75.0% but not included — either not semantically coherent or better represented by other labels already in the map,0,1,0,0,0,3,0.0,25.0,0.0,0.0,0.0,75.0
garbage truck,76,street,75.0,False,,Eligible for 'street' at 75.0% but not included — either not semantically coherent or better represented by other labels already in the map,12,2,1,2,2,57,15.789473684210526,2.631578947368421,1.3157894736842104,2.631578947368421,2.631578947368421,75.0
suit,24,street,75.0,False,,Eligible for 'street' at 75.0% but not included — either not semantically coherent or better represented by other labels already in the map,1,5,0,0,0,18,4.166666666666666,20.833333333333336,0.0,0.0,0.0,75.0
streetcar,360,street,75.0,True,street,Included in 'street' — fires 75.0% of the time in that class (>= 65% threshold),85,3,1,1,0,270,23.61111111111111,0.8333333333333334,0.2777777777777778,0.2777777777777778,0.0,75.0
kimono,8,street,75.0,False,,Eligible for 'street' at 75.0% but not included — either not semantically coherent or better represented by other labels already in the map,0,2,0,0,0,6,0.0,25.0,0.0,0.0,0.0,75.0
puck,4,street,75.0,False,,Eligible for 'street' at 75.0% but not included — either not semantically coherent or better represented by other labels already in the map,0,0,1,0,0,3,0.0,0.0,25.0,0.0,0.0,75.0
ashcan,26,street,73.1,False,,Eligible for 'street' at 73.1% but not included — either not semantically coherent or better represented by other labels already in the map,1,2,0,1,3,19,3.8461538461538463,7.6923076923076925,0.0,3.8461538461538463,11.538461538461538,73.07692307692307
passenger car,118,street,72.9,False,,Eligible for 'street' at 72.9% but not included — either not semantically coherent or better represented by other labels already in the map,21,1,2,8,0,86,17.796610169491526,0.847457627118644,1.694915254237288,6.779661016949152,0.0,72.88135593220339
bubble,22,street,72.7,False,,Eligible for 'street' at 72.7% but not included — either not semantically coherent or better represented by other labels already in the map,1,3,0,2,0,16,4.545454545454546,13.636363636363635,0.0,9.090909090909092,0.0,72.72727272727273
cowboy boot,18,street,72.2,False,,Eligible for 'street' at 72.2% but not included — either not semantically coherent or better represented by other labels already in the map,0,4,1,0,0,13,0.0,22.22222222222222,5.555555555555555,0.0,0.0,72.22222222222221
electric locomotive,35,street,71.4,False,,Eligible for 'street' at 71.4% but not included — either not semantically coherent or better represented by other labels already in the map,5,0,0,4,1,25,14.285714285714285,0.0,0.0,11.428571428571429,2.857142857142857,71.42857142857143
confectionery,7,street,71.4,False,,Eligible for 'street' at 71.4% but not included — either not semantically coherent or better represented by other labels already in the map,0,0,0,2,0,5,0.0,0.0,0.0,28.57142857142857,0.0,71.42857142857143
slot,14,street,71.4,False,,Eligible for 'street' at 71.4% but not included — either not semantically coherent or better represented by other labels already in the map,2,2,0,0,0,10,14.285714285714285,14.285714285714285,0.0,0.0,0.0,71.42857142857143
mortarboard,14,street,71.4,False,,Eligible for 'street' at 71.4% but not included — either not semantically coherent or better represented by other labels already in the map,2,1,1,0,0,10,14.285714285714285,7.142857142857142,7.142857142857142,0.0,0.0,71.42857142857143
traffic light,251,street,70.9,True,street,Included in 'street' — fires 70.9% of the time in that class (>= 65% threshold),66,4,2,1,0,178,26.294820717131472,1.593625498007968,0.796812749003984,0.398406374501992,0.0,70.91633466135458
fire engine,36,street,69.4,False,,Eligible for 'street' at 69.4% but not included — either not semantically coherent or better represented by other labels already in the map,11,0,0,0,0,25,30.555555555555557,0.0,0.0,0.0,0.0,69.44444444444444
barbershop,26,street,69.2,False,,Eligible for 'street' at 69.2% but not included — either not semantically coherent or better represented by other labels already in the map,7,1,0,0,0,18,26.923076923076923,3.8461538461538463,0.0,0.0,0.0,69.23076923076923
gas pump,16,street,68.8,False,,Eligible for 'street' at 68.8% but not included — either not semantically coherent or better represented by other labels already in the map,4,1,0,0,0,11,25.0,6.25,0.0,0.0,0.0,68.75
umbrella,51,street,68.6,False,,Eligible for 'street' at 68.6% but not included — either not semantically coherent or better represented by other labels already in the map,3,4,5,1,3,35,5.88235294117647,7.8431372549019605,9.803921568627452,1.9607843137254901,5.88235294117647,68.62745098039215
guillotine,35,street,68.6,False,,Eligible for 'street' at 68.6% but not included — either not semantically coherent or better represented by other labels already in the map,4,4,0,2,1,24,11.428571428571429,11.428571428571429,0.0,5.714285714285714,2.857142857142857,68.57142857142857
fur coat,19,street,68.4,False,,Eligible for 'street' at 68.4% but not included — either not semantically coherent or better represented by other labels already in the map,1,0,3,1,1,13,5.263157894736842,0.0,15.789473684210526,5.263157894736842,5.263157894736842,68.42105263157895
Model T,22,street,68.2,False,,Eligible for 'street' at 68.2% but not included — either not semantically coherent or better represented by other labels already in the map,6,0,0,1,0,15,27.27272727272727,0.0,0.0,4.545454545454546,0.0,68.18181818181817
police van,47,street,68.1,False,,Eligible for 'street' at 68.1% but not included — either not semantically coherent or better represented by other labels already in the map,12,3,0,0,0,32,25.53191489361702,6.382978723404255,0.0,0.0,0.0,68.08510638297872
trolleybus,159,street,67.3,True,street,Included in 'street' — fires 67.3% of the time in that class (>= 65% threshold),50,0,2,0,0,107,31.446540880503143,0.0,1.257861635220126,0.0,0.0,67.29559748427673
academic gown,36,street,66.7,False,,Eligible for 'street' at 66.7% but not included — either not semantically coherent or better represented by other labels already in the map,5,6,1,0,0,24,13.88888888888889,16.666666666666664,2.7777777777777777,0.0,0.0,66.66666666666666
neck brace,12,street,66.7,False,,Eligible for 'street' at 66.7% but not included — either not semantically coherent or better represented by other labels already in the map,0,2,0,2,0,8,0.0,16.666666666666664,0.0,16.666666666666664,0.0,66.66666666666666
knee pad,18,street,66.7,False,,Eligible for 'street' at 66.7% but not included — either not semantically coherent or better represented by other labels already in the map,0,1,4,0,1,12,0.0,5.555555555555555,22.22222222222222,0.0,5.555555555555555,66.66666666666666
jean,33,street,66.7,False,,Eligible for 'street' at 66.7% but not included — either not semantically coherent or better represented by other labels already in the map,1,6,3,1,0,22,3.0303030303030303,18.181818181818183,9.090909090909092,3.0303030303030303,0.0,66.66666666666666
beaker,3,street,66.7,False,,Eligible for 'street' at 66.7% but not included — either not semantically coherent or better represented by other labels already in the map,1,0,0,0,0,2,33.33333333333333,0.0,0.0,0.0,0.0,66.66666666666666
rule,3,street,66.7,False,,Eligible for 'street' at 66.7% but not included — either not semantically coherent or better represented by other labels already in the map,0,0,0,0,1,2,0.0,0.0,0.0,0.0,33.33333333333333,66.66666666666666
photocopier,3,street,66.7,False,,Eligible for 'street' at 66.7% but not included — either not semantically coherent or better represented by other labels already in the map,1,0,0,0,0,2,33.33333333333333,0.0,0.0,0.0,0.0,66.66666666666666
pool table,3,street,66.7,False,,Eligible for 'street' at 66.7% but not included — either not semantically coherent or better represented by other labels already in the map,1,0,0,0,0,2,33.33333333333333,0.0,0.0,0.0,0.0,66.66666666666666
Saluki,6,street,66.7,False,,Eligible for 'street' at 66.7% but not included — either not semantically coherent or better represented by other labels already in the map,0,0,1,0,1,4,0.0,0.0,16.666666666666664,0.0,16.666666666666664,66.66666666666666
disk brake,3,street,66.7,False,,Eligible for 'street' at 66.7% but not included — either not semantically coherent or better represented by other labels already in the map,0,0,0,1,0,2,0.0,0.0,0.0,33.33333333333333,0.0,66.66666666666666
tow truck,77,street,66.2,False,,Eligible for 'street' at 66.2% but not included — either not semantically coherent or better represented by other labels already in the map,8,10,4,4,0,51,10.38961038961039,12.987012987012985,5.194805194805195,5.194805194805195,0.0,66.23376623376623
trailer truck,199,street,65.8,True,street,Included in 'street' — fires 65.8% of the time in that class (>= 65% threshold),19,29,6,11,3,131,9.547738693467336,14.572864321608039,3.015075376884422,5.527638190954774,1.507537688442211,65.82914572864321
motor scooter,55,street,65.5,False,,Eligible for 'street' at 65.5% but not included — either not semantically coherent or better represented by other labels already in the map,3,10,1,5,0,36,5.454545454545454,18.181818181818183,1.8181818181818181,9.090909090909092,0.0,65.45454545454545
beach wagon,23,street,65.2,False,,Eligible for 'street' at 65.2% but not included — either not semantically coherent or better represented by other labels already in the map,5,1,0,0,2,15,21.73913043478261,4.3478260869565215,0.0,0.0,8.695652173913043,65.21739130434783
trench coat,17,street,64.7,False,,Rejected — dominant class 'street' only at 64.7% (< 65% threshold). Fires too broadly across multiple classes.,0,0,2,2,2,11,0.0,0.0,11.76470588235294,11.76470588235294,11.76470588235294,64.70588235294117
moped,95,street,64.2,False,,Rejected — dominant class 'street' only at 64.2% (< 65% threshold). Fires too broadly across multiple classes.,1,23,0,10,0,61,1.0526315789473684,24.210526315789473,0.0,10.526315789473683,0.0,64.21052631578948
grocery store,36,street,63.9,False,,Rejected — dominant class 'street' only at 63.9% (< 65% threshold). Fires too broadly across multiple classes.,10,0,0,3,0,23,27.77777777777778,0.0,0.0,8.333333333333332,0.0,63.888888888888886
freight car,55,street,63.6,False,,Rejected — dominant class 'street' only at 63.6% (< 65% threshold). Fires too broadly across multiple classes.,16,0,0,3,1,35,29.09090909090909,0.0,0.0,5.454545454545454,1.8181818181818181,63.63636363636363
marimba,11,street,63.6,False,,Rejected — dominant class 'street' only at 63.6% (< 65% threshold). Fires too broadly across multiple classes.,3,1,0,0,0,7,27.27272727272727,9.090909090909092,0.0,0.0,0.0,63.63636363636363
ambulance,33,street,63.6,False,,Rejected — dominant class 'street' only at 63.6% (< 65% threshold). Fires too broadly across multiple classes.,7,4,0,1,0,21,21.21212121212121,12.121212121212121,0.0,3.0303030303030303,0.0,63.63636363636363
bulletproof vest,11,street,63.6,False,,Rejected — dominant class 'street' only at 63.6% (< 65% threshold). Fires too broadly across multiple classes.,0,4,0,0,0,7,0.0,36.36363636363637,0.0,0.0,0.0,63.63636363636363
horse cart,49,street,63.3,False,,Rejected — dominant class 'street' only at 63.3% (< 65% threshold). Fires too broadly across multiple classes.,4,13,0,0,1,31,8.16326530612245,26.53061224489796,0.0,0.0,2.0408163265306123,63.26530612244898
go-kart,43,street,62.8,False,,Rejected — dominant class 'street' only at 62.8% (< 65% threshold). Fires too broadly across multiple classes.,0,12,2,0,2,27,0.0,27.906976744186046,4.651162790697675,0.0,4.651162790697675,62.7906976744186
sweatshirt,16,street,62.5,False,,Rejected — dominant class 'street' only at 62.5% (< 65% threshold). Fires too broadly across multiple classes.,0,0,4,0,2,10,0.0,0.0,25.0,0.0,12.5,62.5
wardrobe,8,street,62.5,False,,Rejected — dominant class 'street' only at 62.5% (< 65% threshold). Fires too broadly across multiple classes.,1,1,0,1,0,5,12.5,12.5,0.0,12.5,0.0,62.5
butcher shop,8,street,62.5,False,,Rejected — dominant class 'street' only at 62.5% (< 65% threshold). Fires too broadly across multiple classes.,0,0,0,3,0,5,0.0,0.0,0.0,37.5,0.0,62.5
vault,139,street,61.9,False,,Rejected — dominant class 'street' only at 61.9% (< 65% threshold). Fires too broadly across multiple classes.,34,6,3,10,0,86,24.46043165467626,4.316546762589928,2.158273381294964,7.194244604316546,0.0,61.87050359712231
unicycle,262,street,61.8,True,street,Included in 'street' — fires 61.8% of the time in that class (>= 65% threshold),4,70,5,20,1,162,1.5267175572519083,26.717557251908396,1.9083969465648856,7.633587786259542,0.38167938931297707,61.832061068702295
limousine,127,street,61.4,False,,Rejected — dominant class 'street' only at 61.4% (< 65% threshold). Fires too broadly across multiple classes.,39,8,1,0,1,78,30.708661417322837,6.299212598425196,0.7874015748031495,0.0,0.7874015748031495,61.417322834645674
cab,223,street,60.1,True,street,Included in 'street' — fires 60.1% of the time in that class (>= 65% threshold),87,2,0,0,0,134,39.01345291479821,0.8968609865470852,0.0,0.0,0.0,60.0896860986547
file,5,street,60.0,False,,Rejected — dominant class 'street' only at 60.0% (< 65% threshold). Fires too broadly across multiple classes.,2,0,0,0,0,3,40.0,0.0,0.0,0.0,0.0,60.0
triceratops,5,street,60.0,False,,Rejected — dominant class 'street' only at 60.0% (< 65% threshold). Fires too broadly across multiple classes.,0,0,1,1,0,3,0.0,0.0,20.0,20.0,0.0,60.0
minibus,71,street,57.7,False,,Rejected — dominant class 'street' only at 57.7% (< 65% threshold). Fires too broadly across multiple classes.,13,11,2,4,0,41,18.30985915492958,15.492957746478872,2.8169014084507045,5.633802816901409,0.0,57.74647887323944
pickup,33,street,57.6,False,,Rejected — dominant class 'street' only at 57.6% (< 65% threshold). Fires too broadly across multiple classes.,2,6,1,2,3,19,6.0606060606060606,18.181818181818183,3.0303030303030303,6.0606060606060606,9.090909090909092,57.57575757575758
tobacco shop,86,street,55.8,False,,Rejected — dominant class 'street' only at 55.8% (< 65% threshold). Fires too broadly across multiple classes.,37,0,0,1,0,48,43.02325581395349,0.0,0.0,1.1627906976744187,0.0,55.81395348837209
street sign,203,street,55.7,True,street,Included in 'street' — fires 55.7% of the time in that class (>= 65% threshold),75,9,3,1,2,113,36.94581280788177,4.433497536945813,1.477832512315271,0.49261083743842365,0.9852216748768473,55.66502463054187
moving van,124,street,54.8,False,,Rejected — dominant class 'street' only at 54.8% (< 65% threshold). Fires too broadly across multiple classes.,44,4,3,3,2,68,35.483870967741936,3.225806451612903,2.4193548387096775,2.4193548387096775,1.6129032258064515,54.83870967741935
altar,17,street,52.9,False,,Rejected — dominant class 'street' only at 52.9% (< 65% threshold). Fires too broadly across multiple classes.,5,1,0,1,1,9,29.411764705882355,5.88235294117647,0.0,5.88235294117647,5.88235294117647,52.94117647058824
shopping cart,31,street,51.6,False,,Rejected — dominant class 'street' only at 51.6% (< 65% threshold). Fires too broadly across multiple classes.,8,3,2,0,2,16,25.806451612903224,9.67741935483871,6.451612903225806,0.0,6.451612903225806,51.61290322580645
minivan,74,street,51.4,False,,Rejected — dominant class 'street' only at 51.4% (< 65% threshold). Fires too broadly across multiple classes.,19,8,4,5,0,38,25.675675675675674,10.81081081081081,5.405405405405405,6.756756756756757,0.0,51.35135135135135
convertible,35,street,51.4,False,,Rejected — dominant class 'street' only at 51.4% (< 65% threshold). Fires too broadly across multiple classes.,11,2,0,0,4,18,31.428571428571427,5.714285714285714,0.0,0.0,11.428571428571429,51.42857142857142
bookshop,49,street,51.0,False,,Rejected — dominant class 'street' only at 51.0% (< 65% threshold). Fires too broadly across multiple classes.,24,0,0,0,0,25,48.97959183673469,0.0,0.0,0.0,0.0,51.02040816326531
sliding door,50,street,50.0,False,,Rejected — dominant class 'street' only at 50.0% (< 65% threshold). Fires too broadly across multiple classes.,15,8,1,1,0,25,30.0,16.0,2.0,2.0,0.0,50.0
lab coat,10,street,50.0,False,,Rejected — dominant class 'street' only at 50.0% (< 65% threshold). Fires too broadly across multiple classes.,2,0,1,1,1,5,20.0,0.0,10.0,10.0,10.0,50.0
black and gold garden spider,4,street,50.0,False,,Rejected — dominant class 'street' only at 50.0% (< 65% threshold). Fires too broadly across multiple classes.,0,2,0,0,0,2,0.0,50.0,0.0,0.0,0.0,50.0
prayer rug,14,street,50.0,False,,Rejected — dominant class 'street' only at 50.0% (< 65% threshold). Fires too broadly across multiple classes.,3,1,3,0,0,7,21.428571428571427,7.142857142857142,21.428571428571427,0.0,0.0,50.0
poncho,10,street,50.0,False,,Rejected — dominant class 'street' only at 50.0% (< 65% threshold). Fires too broadly across multiple classes.,0,2,0,3,0,5,0.0,20.0,0.0,30.0,0.0,50.0
forklift,18,street,50.0,False,,Rejected — dominant class 'street' only at 50.0% (< 65% threshold). Fires too broadly across multiple classes.,5,1,1,0,2,9,27.77777777777778,5.555555555555555,5.555555555555555,0.0,11.11111111111111,50.0
jigsaw puzzle,30,street,50.0,False,,Rejected — dominant class 'street' only at 50.0% (< 65% threshold). Fires too broadly across multiple classes.,8,3,0,4,0,15,26.666666666666668,10.0,0.0,13.333333333333334,0.0,50.0
thimble,2,street,50.0,False,,Rejected — dominant class 'street' only at 50.0% (< 65% threshold). Fires too broadly across multiple classes.,1,0,0,0,0,1,50.0,0.0,0.0,0.0,0.0,50.0
envelope,2,street,50.0,False,,Rejected — dominant class 'street' only at 50.0% (< 65% threshold). Fires too broadly across multiple classes.,0,0,1,0,0,1,0.0,0.0,50.0,0.0,0.0,50.0
seat belt,6,street,50.0,False,,Rejected — dominant class 'street' only at 50.0% (< 65% threshold). Fires too broadly across multiple classes.,0,0,1,2,0,3,0.0,0.0,16.666666666666664,33.33333333333333,0.0,50.0
carousel,14,street,50.0,False,,Rejected — dominant class 'street' only at 50.0% (< 65% threshold). Fires too broadly across multiple classes.,6,1,0,0,0,7,42.857142857142854,7.142857142857142,0.0,0.0,0.0,50.0
wire-haired fox terrier,4,street,50.0,False,,Rejected — dominant class 'street' only at 50.0% (< 65% threshold). Fires too broadly across multiple classes.,0,0,1,0,1,2,0.0,0.0,25.0,0.0,25.0,50.0
manhole cover,16,street,50.0,False,,Rejected — dominant class 'street' only at 50.0% (< 65% threshold). Fires too broadly across multiple classes.,2,0,6,0,0,8,12.5,0.0,37.5,0.0,0.0,50.0
grille,6,street,50.0,False,,Rejected — dominant class 'street' only at 50.0% (< 65% threshold). Fires too broadly across multiple classes.,3,0,0,0,0,3,50.0,0.0,0.0,0.0,0.0,50.0
ice lolly,2,street,50.0,False,,Rejected — dominant class 'street' only at 50.0% (< 65% threshold). Fires too broadly across multiple classes.,0,1,0,0,0,1,0.0,50.0,0.0,0.0,0.0,50.0
microwave,2,street,50.0,False,,Rejected — dominant class 'street' only at 50.0% (< 65% threshold). Fires too broadly across multiple classes.,1,0,0,0,0,1,50.0,0.0,0.0,0.0,0.0,50.0
desk,6,street,50.0,False,,Rejected — dominant class 'street' only at 50.0% (< 65% threshold). Fires too broadly across multiple classes.,3,0,0,0,0,3,50.0,0.0,0.0,0.0,0.0,50.0
African grey,2,street,50.0,False,,Rejected — dominant class 'street' only at 50.0% (< 65% threshold). Fires too broadly across multiple classes.,0,0,0,1,0,1,0.0,0.0,0.0,50.0,0.0,50.0
acoustic guitar,2,street,50.0,False,,Rejected — dominant class 'street' only at 50.0% (< 65% threshold). Fires too broadly across multiple classes.,1,0,0,0,0,1,50.0,0.0,0.0,0.0,0.0,50.0
bicycle-built-for-two,137,street,47.4,False,,Rejected — dominant class 'street' only at 47.4% (< 65% threshold). Fires too broadly across multiple classes.,2,53,1,15,1,65,1.4598540145985401,38.68613138686132,0.7299270072992701,10.948905109489052,0.7299270072992701,47.44525547445255
prison,421,street,47.3,True,buildings,Included in 'buildings' — fires 47.3% of the time in that class (>= 65% threshold),190,21,4,4,3,199,45.13064133016627,4.98812351543943,0.9501187648456058,0.9501187648456058,0.7125890736342043,47.26840855106889
bannister,104,street,47.1,False,,Rejected — dominant class 'street' only at 47.1% (< 65% threshold). Fires too broadly across multiple classes.,27,14,6,0,8,49,25.961538461538463,13.461538461538462,5.769230769230769,0.0,7.6923076923076925,47.11538461538461
car mirror,62,street,46.8,False,,Rejected — dominant class 'street' only at 46.8% (< 65% threshold). Fires too broadly across multiple classes.,7,21,3,1,1,29,11.29032258064516,33.87096774193548,4.838709677419355,1.6129032258064515,1.6129032258064515,46.774193548387096
restaurant,73,street,46.6,False,,Rejected — dominant class 'street' only at 46.6% (< 65% threshold). Fires too broadly across multiple classes.,29,5,0,2,3,34,39.726027397260275,6.8493150684931505,0.0,2.73972602739726,4.10958904109589,46.57534246575342
coil,18,street,44.4,False,,Rejected — dominant class 'street' only at 44.4% (< 65% threshold). Fires too broadly across multiple classes.,7,1,2,0,0,8,38.88888888888889,5.555555555555555,11.11111111111111,0.0,0.0,44.44444444444444
harp,9,street,44.4,False,,Rejected — dominant class 'street' only at 44.4% (< 65% threshold). Fires too broadly across multiple classes.,3,1,0,0,1,4,33.33333333333333,11.11111111111111,0.0,0.0,11.11111111111111,44.44444444444444
Windsor tie,9,street,44.4,False,,Rejected — dominant class 'street' only at 44.4% (< 65% threshold). Fires too broadly across multiple classes.,3,1,0,1,0,4,33.33333333333333,11.11111111111111,0.0,11.11111111111111,0.0,44.44444444444444
turnstile,46,street,43.5,False,,Rejected — dominant class 'street' only at 43.5% (< 65% threshold). Fires too broadly across multiple classes.,14,12,0,0,0,20,30.434782608695656,26.08695652173913,0.0,0.0,0.0,43.47826086956522
tank,14,street,42.9,False,,Rejected — dominant class 'street' only at 42.9% (< 65% threshold). Fires too broadly across multiple classes.,1,1,1,3,2,6,7.142857142857142,7.142857142857142,7.142857142857142,21.428571428571427,14.285714285714285,42.857142857142854
Irish wolfhound,7,street,42.9,False,,Rejected — dominant class 'street' only at 42.9% (< 65% threshold). Fires too broadly across multiple classes.,0,1,2,1,0,3,0.0,14.285714285714285,28.57142857142857,14.285714285714285,0.0,42.857142857142854
shield,7,street,42.9,False,,Rejected — dominant class 'street' only at 42.9% (< 65% threshold). Fires too broadly across multiple classes.,0,3,1,0,0,3,0.0,42.857142857142854,14.285714285714285,0.0,0.0,42.857142857142854
barrel,12,street,41.7,False,,Rejected — dominant class 'street' only at 41.7% (< 65% threshold). Fires too broadly across multiple classes.,2,3,1,0,1,5,16.666666666666664,25.0,8.333333333333332,0.0,8.333333333333332,41.66666666666667
abaya,25,street,40.0,False,,Rejected — dominant class 'street' only at 40.0% (< 65% threshold). Fires too broadly across multiple classes.,3,3,7,1,1,10,12.0,12.0,28.000000000000004,4.0,4.0,40.0
potter's wheel,5,street,40.0,False,,Rejected — dominant class 'street' only at 40.0% (< 65% threshold). Fires too broadly across multiple classes.,0,1,0,1,1,2,0.0,20.0,0.0,20.0,20.0,40.0
sunglass,13,street,38.5,False,,Rejected — dominant class 'street' only at 38.5% (< 65% threshold). Fires too broadly across multiple classes.,0,1,1,1,5,5,0.0,7.6923076923076925,7.6923076923076925,7.6923076923076925,38.46153846153847,38.46153846153847
spotlight,47,street,38.3,False,,Rejected — dominant class 'street' only at 38.3% (< 65% threshold). Fires too broadly across multiple classes.,3,7,10,4,5,18,6.382978723404255,14.893617021276595,21.27659574468085,8.51063829787234,10.638297872340425,38.297872340425535
sundial,48,street,37.5,False,,Rejected — dominant class 'street' only at 37.5% (< 65% threshold). Fires too broadly across multiple classes.,10,9,8,3,0,18,20.833333333333336,18.75,16.666666666666664,6.25,0.0,37.5
bakery,8,street,37.5,False,,Rejected — dominant class 'street' only at 37.5% (< 65% threshold). Fires too broadly across multiple classes.,2,0,0,3,0,3,25.0,0.0,0.0,37.5,0.0,37.5
theater curtain,46,street,37.0,False,,Rejected — dominant class 'street' only at 37.0% (< 65% threshold). Fires too broadly across multiple classes.,5,9,3,9,3,17,10.869565217391305,19.565217391304348,6.521739130434782,19.565217391304348,6.521739130434782,36.95652173913043
rocking chair,19,street,36.8,False,,Rejected — dominant class 'street' only at 36.8% (< 65% threshold). Fires too broadly across multiple classes.,4,5,0,0,3,7,21.052631578947366,26.31578947368421,0.0,0.0,15.789473684210526,36.84210526315789
stage,30,street,36.7,False,,Rejected — dominant class 'street' only at 36.7% (< 65% threshold). Fires too broadly across multiple classes.,7,0,5,2,5,11,23.333333333333332,0.0,16.666666666666664,6.666666666666667,16.666666666666664,36.666666666666664
stretcher,49,street,36.7,False,,Rejected — dominant class 'street' only at 36.7% (< 65% threshold). Fires too broadly across multiple classes.,3,6,15,7,0,18,6.122448979591836,12.244897959183673,30.612244897959183,14.285714285714285,0.0,36.734693877551024
lumbermill,130,street,35.4,True,buildings,Included in 'buildings' — fires 35.4% of the time in that class (>= 65% threshold),31,29,3,17,4,46,23.846153846153847,22.30769230769231,2.307692307692308,13.076923076923078,3.076923076923077,35.38461538461539
school bus,23,street,34.8,False,,Rejected — dominant class 'street' only at 34.8% (< 65% threshold). Fires too broadly across multiple classes.,6,5,4,0,0,8,26.08695652173913,21.73913043478261,17.391304347826086,0.0,0.0,34.78260869565217
garden spider,3,street,33.3,False,,Rejected — dominant class 'street' only at 33.3% (< 65% threshold). Fires too broadly across multiple classes.,0,1,1,0,0,1,0.0,33.33333333333333,33.33333333333333,0.0,0.0,33.33333333333333
measuring cup,3,street,33.3,False,,Rejected — dominant class 'street' only at 33.3% (< 65% threshold). Fires too broadly across multiple classes.,1,0,1,0,0,1,33.33333333333333,0.0,33.33333333333333,0.0,0.0,33.33333333333333
Mexican hairless,3,street,33.3,False,,Rejected — dominant class 'street' only at 33.3% (< 65% threshold). Fires too broadly across multiple classes.,0,1,0,1,0,1,0.0,33.33333333333333,0.0,33.33333333333333,0.0,33.33333333333333
pole,176,street,31.8,False,,Rejected — dominant class 'street' only at 31.8% (< 65% threshold). Fires too broadly across multiple classes.,25,45,12,15,23,56,14.204545454545455,25.568181818181817,6.8181818181818175,8.522727272727272,13.068181818181818,31.818181818181817
cannon,23,street,30.4,False,,Rejected — dominant class 'street' only at 30.4% (< 65% threshold). Fires too broadly across multiple classes.,1,4,1,6,4,7,4.3478260869565215,17.391304347826086,4.3478260869565215,26.08695652173913,17.391304347826086,30.434782608695656
shoji,10,street,30.0,False,,Rejected — dominant class 'street' only at 30.0% (< 65% threshold). Fires too broadly across multiple classes.,3,2,2,0,0,3,30.0,20.0,20.0,0.0,0.0,30.0
book jacket,14,street,28.6,False,,Rejected — dominant class 'street' only at 28.6% (< 65% threshold). Fires too broadly across multiple classes.,3,1,1,3,2,4,21.428571428571427,7.142857142857142,7.142857142857142,21.428571428571427,14.285714285714285,28.57142857142857
